Timestamp,accel radians per second per second,predicted accel radians per second per second,velocity radians per second,applied_voltage volts,residual radians per second per second,raw velocity radians per second
7.687000,6.462523,2.789019,0.216675,11.934000,3.673505,0.225527
7.699000,6.325133,2.764553,0.294349,11.934000,3.560580,0.270633
7.710000,6.131668,2.739618,0.364668,11.921000,3.392050,0.360843
7.721000,6.016621,2.711808,0.431867,11.890000,3.304814,0.451054
7.734000,5.934117,2.700421,0.509529,11.951000,3.233695,0.541265
7.746000,5.880085,2.651885,0.580602,11.829000,3.228200,0.586370
7.758000,5.829818,2.658725,0.651437,11.965000,3.171092,0.631476
7.769000,5.773742,2.629868,0.715835,11.925000,3.143874,0.721687
7.781000,5.718473,2.611508,0.786375,11.943000,3.106966,0.721687
7.792000,5.615217,2.606611,0.846156,12.008000,3.008607,0.857003
7.803000,5.549883,2.592676,0.908090,12.034000,2.957207,0.947214
7.813000,5.479503,2.557914,0.961972,11.951000,2.921589,0.947214
7.825000,5.404060,2.550896,1.026448,12.013000,2.853164,1.082530
7.836000,5.339988,2.545187,1.086084,12.074000,2.794801,1.082530
7.847000,5.273302,2.518765,1.142751,12.034000,2.754538,1.127636
7.859000,5.206841,2.506079,1.204121,12.065000,2.700762,1.172741
7.870000,5.150943,2.499973,1.259577,12.118000,2.650971,1.262952
7.882000,5.088081,2.493600,1.321320,12.179000,2.594481,1.353163
7.895000,5.020694,2.468201,1.386988,12.157000,2.552493,1.398268
7.908000,4.955853,2.437621,1.451412,12.109000,2.518232,1.443374
7.922000,4.877717,2.454046,1.521076,12.288000,2.423671,1.488479
7.935000,4.804931,2.423865,1.584234,12.240000,2.381066,1.578690
7.947000,4.729256,2.404261,1.640349,12.231000,2.324995,1.668901
7.958000,4.668703,2.405991,1.691340,12.314000,2.262712,1.714006
7.970000,4.601017,2.374038,1.748553,12.249000,2.226979,1.759111
7.983000,4.547461,2.356122,1.808157,12.253000,2.191340,1.804217
7.996000,4.488481,2.353759,1.866017,12.327000,2.134722,1.849322
8.007000,4.422727,2.332032,1.914583,12.297000,2.090696,1.894428
8.024000,4.352566,2.304299,1.987659,12.275000,2.048267,1.939533
8.037000,4.275604,2.298689,2.040858,12.327000,1.976915,2.074849
8.050000,4.220092,2.277793,2.095631,12.310000,1.942300,2.074849
8.064000,4.169306,2.280519,2.155028,12.410000,1.888787,2.165060
8.076000,4.118791,2.259779,2.203180,12.384000,1.859012,2.210166
8.094000,4.042059,2.234983,2.279184,12.380000,1.807076,2.255271
8.106000,3.985734,2.226242,2.327352,12.410000,1.759492,2.345482
8.116000,3.921604,2.218345,2.367396,12.432000,1.703259,2.390587
8.125000,3.879121,2.203142,2.400690,12.410000,1.675979,2.435693
8.135000,3.841789,2.195974,2.438420,12.432000,1.645815,2.435693
8.145000,3.796383,2.183435,2.478228,12.432000,1.612948,2.480798
8.154000,3.773367,2.183281,2.511383,12.480000,1.590086,2.525904
8.164000,3.728708,2.182966,2.548453,12.533000,1.545742,2.525904
8.174000,3.681847,2.173564,2.583747,12.541000,1.508284,2.571009
8.186000,3.638434,2.165890,2.626484,12.568000,1.472544,2.616114
8.196000,3.601391,2.160532,2.663912,12.598000,1.440859,2.661220
8.207000,3.548101,2.149303,2.705686,12.607000,1.398798,2.661220
8.217000,3.504750,2.120846,2.742273,12.528000,1.383904,2.751431
8.229000,3.454294,2.115149,2.784180,12.563000,1.339146,2.796536
8.240000,3.408700,2.108269,2.820991,12.585000,1.300431,2.796536
8.250000,3.369836,2.100929,2.853143,12.598000,1.268907,2.886747
8.261000,3.307414,2.095609,2.887726,12.624000,1.211804,2.886747
8.272000,3.280386,2.081332,2.924209,12.611000,1.199055,2.931852
8.284000,3.222421,2.071291,2.962213,12.620000,1.151130,2.976958
8.296000,3.181408,2.064888,3.000234,12.646000,1.116520,3.022063
8.307000,3.144731,2.051405,3.034195,12.633000,1.093326,3.022063
8.318000,3.102571,2.047968,3.066203,12.664000,1.054603,3.067169
8.330000,3.065878,2.033361,3.103732,12.651000,1.032517,3.067169
8.345000,3.025779,2.022541,3.149653,12.668000,1.003238,3.157380
8.357000,2.986280,2.015064,3.188363,12.690000,0.971216,3.202485
8.370000,2.948762,2.004217,3.225522,12.694000,0.944545,3.202485
8.382000,2.909747,2.000612,3.260785,12.729000,0.909134,3.292696
8.393000,2.883139,1.989770,3.292487,12.725000,0.893370,3.292696
8.404000,2.837292,1.981861,3.323722,12.734000,0.855431,3.337801
8.416000,2.795398,1.982586,3.356808,12.786000,0.812812,3.382907
8.429000,2.744201,1.976728,3.393098,12.812000,0.767473,3.382907
8.444000,2.694217,1.960287,3.433728,12.795000,0.733930,3.382907
8.454000,2.641427,1.958512,3.459779,12.825000,0.682915,3.428012
8.464000,2.623249,1.947879,3.484690,12.812000,0.675370,3.473118
8.475000,2.597618,1.936122,3.513172,12.799000,0.661496,3.518223
8.486000,2.564593,1.927833,3.539488,12.799000,0.636760,3.563328
8.496000,2.547914,1.922348,3.565747,12.812000,0.625565,3.563328
8.507000,2.520642,1.910252,3.592584,12.795000,0.610391,3.608434
8.517000,2.494845,1.905942,3.617834,12.812000,0.588902,3.608434
8.529000,2.462540,1.898077,3.648929,12.821000,0.564463,3.653539
8.545000,2.427150,1.892202,3.688680,12.852000,0.534948,3.698645
8.557000,2.386165,1.884715,3.717893,12.860000,0.501450,3.743750
8.570000,2.360571,1.879488,3.746740,12.878000,0.481084,3.743750
8.584000,2.315601,1.869951,3.777017,12.878000,0.445650,3.788855
8.604000,2.268780,1.854608,3.823007,12.874000,0.414172,3.788855
8.618000,2.244686,1.853992,3.854224,12.917000,0.390694,3.879066
8.630000,2.209601,1.852545,3.879916,12.948000,0.357056,3.879066
8.643000,2.187781,1.847896,3.909645,12.970000,0.339885,3.924172
8.656000,2.152387,1.839648,3.938556,12.974000,0.312739,3.924172
8.670000,2.124715,1.825339,3.969015,12.952000,0.299376,3.969277
8.683000,2.110351,1.811028,3.996754,12.926000,0.299323,3.969277
8.698000,2.077278,1.804896,4.027793,12.943000,0.272382,4.014383
8.711000,2.047899,1.798377,4.051893,12.948000,0.249522,4.014383
8.723000,2.018048,1.793055,4.074914,12.957000,0.224993,4.104593
8.735000,1.985705,1.788300,4.098858,12.970000,0.197406,4.104593
8.747000,1.950972,1.782231,4.123568,12.978000,0.168741,4.149699
8.760000,1.928460,1.774107,4.149363,12.978000,0.154353,4.149699
8.774000,1.893294,1.770330,4.176325,13.000000,0.122963,4.194804
8.786000,1.876289,1.761521,4.198849,12.992000,0.114768,4.194804
8.800000,1.843706,1.755172,4.224449,13.000000,0.088534,4.194804
8.812000,1.828883,1.750401,4.245723,13.009000,0.078483,4.239910
8.825000,1.807788,1.747630,4.269490,13.031000,0.060158,4.239910
8.837000,1.802358,1.736052,4.291278,13.009000,0.066306,4.330121
8.849000,1.784355,1.734991,4.312340,13.035000,0.049364,4.330121
8.863000,1.761131,1.726987,4.337753,13.035000,0.034144,4.330121
8.875000,1.721954,1.723333,4.358200,13.048000,-0.001380,4.375226
8.886000,1.694792,1.716746,4.379114,13.048000,-0.021954,4.375226
8.888000,1.705043,1.718909,4.381092,13.061000,-0.013867,4.375226
8.900000,1.695089,1.712533,4.401337,13.061000,-0.017443,4.375226
8.914000,1.668338,1.705292,4.424324,13.061000,-0.036955,4.420331
8.925000,1.647295,1.703231,4.443118,13.079000,-0.055936,4.465437
8.937000,1.611058,1.693200,4.462715,13.061000,-0.082142,4.465437
8.951000,1.583517,1.691067,4.484458,13.083000,-0.107550,4.510542
8.964000,1.545297,1.682248,4.503612,13.070000,-0.136951,4.510542
8.977000,1.523048,1.680144,4.525262,13.092000,-0.157096,4.510542
8.990000,1.503162,1.676847,4.544577,13.105000,-0.173685,4.510542
9.001000,1.490066,1.669399,4.562100,13.096000,-0.179332,4.555648
9.012000,1.477367,1.668405,4.577505,13.114000,-0.191038,4.555648
9.023000,1.478625,1.665602,4.592529,13.123000,-0.186977,4.600753
9.036000,1.464750,1.657165,4.610467,13.110000,-0.192415,4.600753
9.047000,1.429310,1.652062,4.626670,13.110000,-0.222752,4.645858
9.059000,1.407807,1.649596,4.643346,13.123000,-0.241789,4.645858
9.071000,1.375209,1.643497,4.659307,13.118000,-0.268287,4.690964
9.082000,1.375212,1.640582,4.674687,13.127000,-0.265370,4.690964
9.092000,1.367240,1.640908,4.688621,13.149000,-0.273669,4.690964
9.111000,1.335981,1.632811,4.714330,13.149000,-0.296830,4.690964
9.122000,1.320699,1.625926,4.730062,13.140000,-0.305228,4.690964
9.133000,1.308178,1.626296,4.743859,13.162000,-0.318119,4.781175
9.144000,1.291590,1.623828,4.757820,13.171000,-0.332238,4.781175
9.156000,1.264061,1.616442,4.772422,13.158000,-0.352382,4.781175
9.169000,1.240129,1.611210,4.789035,13.158000,-0.371081,4.781175
9.183000,1.231557,1.610225,4.806454,13.179000,-0.378668,4.781175
9.198000,1.212604,1.604437,4.824828,13.179000,-0.391833,4.826280
9.210000,1.212915,1.599079,4.839117,13.175000,-0.386164,4.826280
9.225000,1.189501,1.593842,4.858468,13.179000,-0.404340,4.826280
9.237000,1.162280,1.593014,4.873346,13.197000,-0.430734,4.871386
9.250000,1.137003,1.584048,4.886841,13.175000,-0.447044,4.871386
9.265000,1.114897,1.585436,4.903529,13.206000,-0.470539,4.916491
9.277000,1.090223,1.584239,4.916176,13.219000,-0.494016,4.961596
9.291000,1.080890,1.578639,4.930552,13.214000,-0.497749,4.961596
9.306000,1.063706,1.573927,4.945512,13.214000,-0.510221,4.916491
9.320000,1.052781,1.568310,4.960625,13.210000,-0.515529,4.961596
9.332000,1.037480,1.565221,4.973154,13.214000,-0.527741,4.961596
9.344000,1.026504,1.560872,4.986962,13.214000,-0.534368,5.006702
9.356000,1.009688,1.559416,5.000430,13.227000,-0.549728,5.006702
9.370000,0.999071,1.555130,5.014038,13.227000,-0.556059,5.006702
9.382000,0.981358,1.551721,5.024863,13.227000,-0.570362,5.006702
9.394000,0.957476,1.549592,5.035023,13.232000,-0.592116,5.051807
9.406000,0.963317,1.548707,5.046681,13.245000,-0.585390,5.051807
9.418000,0.948652,1.542642,5.059811,13.236000,-0.593990,5.051807
9.430000,0.943023,1.540163,5.071083,13.241000,-0.597140,5.051807
9.444000,0.928471,1.537874,5.083795,13.249000,-0.609403,5.096913
9.459000,0.905983,1.534890,5.096673,13.254000,-0.628907,5.096913
9.474000,0.902719,1.534578,5.109233,13.271000,-0.631859,5.142018
9.485000,0.879397,1.530530,5.119360,13.267000,-0.651133,5.096913
9.496000,0.865351,1.528065,5.127186,13.267000,-0.662714,5.096913
9.507000,0.855175,1.525199,5.136285,13.267000,-0.670025,5.142018
9.518000,0.838052,1.523344,5.144899,13.271000,-0.685291,5.142018
9.529000,0.826434,1.522200,5.154655,13.280000,-0.695766,5.142018
9.540000,0.836453,1.516310,5.164509,13.267000,-0.679856,5.187124
9.551000,0.840515,1.515108,5.174449,13.276000,-0.674592,5.187124
9.561000,0.811932,1.513263,5.183030,13.280000,-0.701330,5.187124
9.572000,0.802315,1.511334,5.191874,13.284000,-0.709019,5.187124
9.583000,0.786656,1.512514,5.200378,13.302000,-0.725858,5.187124
9.595000,0.779676,1.506416,5.210891,13.289000,-0.726741,5.187124
9.605000,0.780401,1.502222,5.218081,13.280000,-0.721821,5.232229
9.623000,0.767378,1.498906,5.231331,13.284000,-0.731528,5.232229
9.634000,0.754351,1.498455,5.238888,13.293000,-0.744104,5.232229
9.645000,0.750713,1.500357,5.247822,13.315000,-0.749644,5.277334
9.656000,0.741958,1.494803,5.256609,13.302000,-0.752845,5.232229
9.668000,0.727060,1.489979,5.265799,13.293000,-0.762919,5.277334
9.679000,0.707397,1.488320,5.273788,13.297000,-0.780923,5.277334
9.692000,0.696271,1.487990,5.284362,13.311000,-0.791719,5.277334
9.707000,0.686580,1.487732,5.294029,13.324000,-0.801152,5.322440
9.722000,0.686117,1.479542,5.305059,13.302000,-0.793426,5.277334
9.735000,0.669201,1.478944,5.313082,13.311000,-0.809744,5.322440
9.747000,0.659758,1.480031,5.318478,13.324000,-0.820274,5.322440
9.760000,0.648040,1.477191,5.327494,13.324000,-0.829151,5.322440
9.772000,0.633107,1.476392,5.335477,13.332000,-0.843284,5.322440
9.785000,0.613369,1.473829,5.343615,13.332000,-0.860459,5.367545
9.797000,0.603813,1.468315,5.352272,13.319000,-0.864502,5.367545
9.809000,0.590841,1.466759,5.360617,13.324000,-0.875918,5.322440
9.825000,0.581314,1.474279,5.369407,13.372000,-0.892965,5.367545
9.837000,0.572495,1.473146,5.375724,13.376000,-0.900651,5.367545
9.850000,0.546569,1.472503,5.383891,13.385000,-0.925934,5.367545
9.863000,0.528797,1.468747,5.389692,13.376000,-0.939950,5.412651
9.876000,0.520187,1.465638,5.396840,13.372000,-0.945451,5.412651
9.889000,0.506865,1.467186,5.403494,13.389000,-0.960321,5.412651
9.902000,0.490328,1.465211,5.409765,13.389000,-0.974883,5.412651
9.916000,0.482448,1.464650,5.417669,13.398000,-0.982202,5.412651
9.929000,0.460316,1.460136,5.423154,13.385000,-0.999820,5.412651
9.943000,0.446426,1.457943,5.430117,13.385000,-1.011517,5.412651
9.958000,0.428722,1.456606,5.437086,13.389000,-1.027884,5.412651
9.970000,0.411615,1.459714,5.442187,13.411000,-1.048100,5.457756
9.983000,0.402477,1.464244,5.448902,13.442000,-1.061767,5.457756
9.994000,0.392483,1.462434,5.451245,13.437000,-1.069952,5.457756
10.005000,0.379636,1.458049,5.456321,13.424000,-1.078414,5.502862
10.016000,0.375858,1.463671,5.459569,13.455000,-1.087813,5.457756
10.027000,0.357885,1.466988,5.464009,13.477000,-1.109102,5.457756
10.039000,0.336302,1.465671,5.468189,13.477000,-1.129369,5.457756
10.051000,0.326040,1.467640,5.473507,13.494000,-1.141600,5.457756
10.063000,0.314112,1.464139,5.478499,13.485000,-1.150027,5.457756
10.083000,0.274830,1.459815,5.483379,13.472000,-1.184985,5.502862
10.096000,0.268074,1.461056,5.485564,13.481000,-1.192982,5.502862
10.108000,0.247991,1.460067,5.488704,13.481000,-1.212076,5.457756
10.131000,0.228379,1.459817,5.492219,13.485000,-1.231439,5.502862
10.144000,0.228541,1.458960,5.494940,13.485000,-1.230419,5.502862
10.156000,0.212834,1.456897,5.498767,13.481000,-1.244063,5.502862
10.169000,0.210461,1.463722,5.500918,13.516000,-1.253261,5.502862
10.180000,0.193301,1.463642,5.503894,13.520000,-1.270341,5.502862
10.192000,0.174436,1.463897,5.506486,13.525000,-1.289462,5.502862
10.205000,0.153747,1.464085,5.508612,13.529000,-1.310339,5.502862
10.217000,0.133343,1.463677,5.509909,13.529000,-1.330334,5.502862
10.229000,0.112118,1.462612,5.510567,13.525000,-1.350494,5.502862
10.240000,0.101772,1.462093,5.512213,13.525000,-1.360322,5.502862
10.252000,0.104414,1.462921,5.512308,13.529000,-1.358508,5.547967
10.264000,0.091508,1.462465,5.513757,13.529000,-1.370957,5.502862
10.276000,0.089785,1.461580,5.516567,13.529000,-1.371794,5.547967
10.287000,0.077954,1.463181,5.517606,13.538000,-1.385227,5.502862
10.298000,0.065795,1.461891,5.518300,13.533000,-1.396096,5.502862
10.310000,0.051899,1.464783,5.518645,13.547000,-1.412884,5.502862
10.322000,0.037351,1.467621,5.518482,13.560000,-1.430270,5.502862
10.335000,0.020819,1.468704,5.517765,13.564000,-1.447886,5.502862
10.347000,0.017741,1.467613,5.518509,13.560000,-1.449872,5.547967
10.359000,0.014716,1.468253,5.519199,13.564000,-1.453537,5.502862
10.370000,-0.002307,1.476271,5.517561,13.599000,-1.478577,5.547967
10.384000,-0.008274,1.476326,5.517387,13.599000,-1.484599,5.547967
10.396000,-0.012401,1.474531,5.516960,13.590000,-1.486932,5.502862
10.408000,-0.016575,1.475775,5.516413,13.595000,-1.492351,5.547967
10.420000,-0.020707,1.476853,5.515711,13.599000,-1.497560,5.502862
10.433000,-0.025408,1.476252,5.514898,13.595000,-1.501661,5.502862
10.445000,-0.029787,1.479319,5.514006,13.608000,-1.509106,5.502862
10.457000,-0.046417,1.478077,5.514548,13.603000,-1.524494,5.502862
10.473000,-0.051578,1.474984,5.512798,13.586000,-1.526563,5.502862
10.485000,-0.067738,1.475037,5.512630,13.586000,-1.542775,5.502862
10.495000,-0.082184,1.477125,5.512127,13.595000,-1.559309,5.547967
10.507000,-0.094290,1.475410,5.514170,13.590000,-1.569699,5.502862
10.517000,-0.116105,1.477291,5.514322,13.599000,-1.593396,5.502862
10.528000,-0.122304,1.479776,5.515279,13.612000,-1.602080,5.502862
10.540000,-0.142803,1.477336,5.514177,13.599000,-1.620139,5.502862
10.552000,-0.162470,1.477021,5.512455,13.595000,-1.639492,5.502862
10.566000,-0.184246,1.482379,5.509736,13.616000,-1.666625,5.502862
10.577000,-0.200576,1.484331,5.506942,13.621000,-1.684907,5.502862
10.589000,-0.227821,1.485801,5.504997,13.625000,-1.713622,5.502862
10.600000,-0.236325,1.487997,5.504149,13.634000,-1.724323,5.502862
10.611000,-0.258922,1.488046,5.501271,13.630000,-1.746969,5.502862
10.624000,-0.277037,1.487220,5.500492,13.625000,-1.764257,5.502862
10.645000,-0.313329,1.488447,5.496595,13.625000,-1.801776,5.502862
10.658000,-0.344631,1.489707,5.492597,13.625000,-1.834338,5.502862
10.674000,-0.381135,-1.429644,5.489996,0.001366,1.048509,5.502862
10.686000,-0.404998,-1.427985,5.484728,0.001366,1.022987,5.502862
10.698000,-0.437769,-1.426511,5.480049,0.001366,0.988742,5.502862
10.712000,-0.476778,-1.424555,5.473845,0.001379,0.947776,5.457756
10.726000,-0.525993,-1.422687,5.467918,0.001383,0.896694,5.502862
10.738000,-0.548083,-1.420099,5.459704,0.001384,0.872016,5.457756
10.751000,-0.569750,-1.417160,5.450373,0.001384,0.847411,5.457756
10.764000,-0.577296,-1.414650,5.442404,0.001384,0.837354,5.412651
10.778000,-0.608363,-1.411802,5.433363,0.001384,0.803440,5.412651
10.790000,-0.630547,-1.409099,5.424780,0.001384,0.778552,5.412651
10.803000,-0.650895,-1.406002,5.414946,0.001385,0.755107,5.412651
10.815000,-0.680590,-1.403366,5.406579,0.001385,0.722776,5.412651
10.829000,-0.708474,-1.400020,5.395956,0.001385,0.691547,5.412651
10.843000,-0.729734,-1.396424,5.384539,0.001385,0.666690,5.412651
10.855000,-0.742270,-1.393094,5.373966,0.001385,0.650824,5.367545
10.868000,-0.765785,-1.389762,5.363386,0.001385,0.623977,5.367545
10.878000,-0.780389,-1.386933,5.354406,0.001385,0.606544,5.367545
10.889000,-0.806813,-1.384120,5.345475,0.001385,0.577307,5.322440
10.902000,-0.812764,-1.380072,5.332623,0.001385,0.567308,5.322440
10.912000,-0.811857,-1.376872,5.322462,0.001385,0.565015,5.322440
10.923000,-0.832968,-1.374312,5.314335,0.001385,0.541343,5.277334
10.934000,-0.832120,-1.371068,5.304036,0.001385,0.538947,5.322440
10.949000,-0.838813,-1.367241,5.291886,0.001385,0.528428,5.277334
10.951000,-0.834231,-1.366755,5.290344,0.001385,0.532525,5.277334
10.962000,-0.843546,-1.363444,5.279830,0.001385,0.519897,5.232229
10.984000,-0.842134,-1.358127,5.262949,0.001385,0.515993,5.277334
10.995000,-0.837402,-1.354796,5.252374,0.001385,0.517394,5.277334
11.006000,-0.827703,-1.351534,5.242019,0.001386,0.523831,5.277334
11.017000,-0.839116,-1.348314,5.231797,0.001385,0.509198,5.232229
11.028000,-0.845304,-1.345040,5.221402,0.001386,0.499736,5.232229
11.039000,-0.854877,-1.342210,5.212417,0.001386,0.487333,5.232229
11.049000,-0.858714,-1.339589,5.204095,0.001386,0.480875,5.187124
11.062000,-0.855926,-1.336137,5.193136,0.001386,0.480212,5.187124
11.076000,-0.846319,-1.332476,5.181511,0.001386,0.486157,5.187124
11.089000,-0.837906,-1.329698,5.172692,0.001385,0.491793,5.187124
11.106000,-0.841138,-1.325349,5.158885,0.001386,0.484212,5.142018
11.119000,-0.838456,-1.322034,5.148359,0.001386,0.483577,5.142018
11.132000,-0.830902,-1.318732,5.137877,0.001386,0.487831,5.096913
11.148000,-0.833001,-1.314152,5.123337,0.001386,0.481151,5.142018
11.160000,-0.828519,-1.310634,5.112165,0.001386,0.482115,5.142018
11.180000,-0.829972,-1.305594,5.096165,0.001386,0.475622,5.051807
11.196000,-0.850142,-1.301474,5.083085,0.001386,0.451332,5.096913
11.213000,-0.840984,-1.296953,5.068731,0.001386,0.455969,5.051807
11.228000,-0.849621,-1.293018,5.056236,0.001385,0.443397,5.051807
11.240000,-0.853476,-1.289681,5.045641,0.001386,0.436204,5.051807
11.253000,-0.861473,-1.285390,5.032018,0.001386,0.423917,5.006702
11.265000,-0.868093,-1.282521,5.022912,0.001386,0.414428,5.051807
11.278000,-0.854791,-1.278928,5.011503,0.001386,0.424137,5.051807
11.290000,-0.837395,-1.275778,5.001501,0.001386,0.438383,5.006702
11.303000,-0.839025,-1.272405,4.990793,0.001386,0.433380,5.006702
11.315000,-0.835776,-1.269320,4.981001,0.001386,0.433545,4.961596
11.327000,-0.827612,-1.266317,4.971466,0.001386,0.438705,4.961596
11.339000,-0.838060,-1.263204,4.961581,0.001386,0.425143,4.961596
11.351000,-0.842618,-1.260054,4.951579,0.001386,0.417435,4.961596
11.364000,-0.841474,-1.256679,4.940867,0.001386,0.415205,4.916491
11.377000,-0.834146,-1.253390,4.930423,0.001386,0.419244,4.916491
11.389000,-0.830707,-1.249899,4.919340,0.001386,0.419193,4.916491
11.401000,-0.822240,-1.246472,4.908459,0.001386,0.424232,4.916491
11.413000,-0.819348,-1.242413,4.895572,0.001386,0.423064,4.916491
11.426000,-0.811312,-1.239267,4.885585,0.001386,0.427955,4.916491
11.438000,-0.797261,-1.236519,4.876859,0.001386,0.439257,4.871386
11.451000,-0.814027,-1.232976,4.865610,0.001386,0.418948,4.826280
11.466000,-0.809522,-1.229436,4.854372,0.001387,0.419914,4.871386
11.478000,-0.811717,-1.226177,4.844025,0.001386,0.414460,4.826280
11.492000,-0.806978,-1.222461,4.832227,0.001386,0.415483,4.826280
11.504000,-0.798092,-1.219326,4.822274,0.001387,0.421234,4.826280
11.515000,-0.810062,-1.216435,4.813096,0.001386,0.406372,4.781175
11.526000,-0.802893,-1.214021,4.805433,0.001386,0.411129,4.826280
11.536000,-0.789143,-1.211969,4.798919,0.001387,0.422827,4.826280
11.547000,-0.782851,-1.209265,4.790332,0.001387,0.426414,4.781175
11.558000,-0.770714,-1.206646,4.782018,0.001387,0.435932,4.781175
11.569000,-0.768574,-1.203619,4.772406,0.001387,0.435044,4.781175
11.583000,-0.760802,-1.199933,4.760705,0.001386,0.439131,4.736069
11.595000,-0.759395,-1.197278,4.752274,0.001386,0.437883,4.736069
11.606000,-0.752927,-1.194916,4.744777,0.001387,0.441990,4.736069
11.619000,-0.765736,-1.192050,4.735678,0.001387,0.426315,4.736069
11.632000,-0.773384,-1.189099,4.726306,0.001387,0.415714,4.736069
11.644000,-0.775763,-1.186335,4.717533,0.001386,0.410572,4.736069
11.662000,-0.773077,-1.182102,4.704093,0.001387,0.409025,4.736069
11.681000,-0.765855,-1.177698,4.690111,0.001387,0.411843,4.690964
11.693000,-0.752858,-1.175142,4.681997,0.001387,0.422284,4.690964
11.709000,-0.748619,-1.171237,4.669597,0.001387,0.422618,4.645858
11.722000,-0.749153,-1.167499,4.657732,0.001387,0.418346,4.645858
11.736000,-0.734430,-1.164229,4.647348,0.001387,0.429799,4.645858
11.747000,-0.722358,-1.161089,4.637380,0.001386,0.438731,4.645858
11.758000,-0.722917,-1.158574,4.629393,0.001386,0.435657,4.645858
11.770000,-0.718369,-1.155861,4.620779,0.001386,0.437492,4.600753
11.781000,-0.735429,-1.153302,4.612658,0.001387,0.417874,4.600753
11.792000,-0.737556,-1.151165,4.605872,0.001387,0.413609,4.600753
11.805000,-0.717976,-1.148177,4.596387,0.001387,0.430201,4.600753
11.817000,-0.720361,-1.145455,4.587742,0.001387,0.425094,4.600753
11.828000,-0.717795,-1.142954,4.579804,0.001386,0.425159,4.600753
11.838000,-0.710355,-1.140719,4.572709,0.001387,0.430364,4.600753
11.848000,-0.724493,-1.138445,4.565488,0.001387,0.413952,4.555648
11.859000,-0.718713,-1.135435,4.555932,0.001387,0.416723,4.555648
11.871000,-0.723148,-1.132649,4.547086,0.001387,0.409501,4.510542
11.883000,-0.722149,-1.129861,4.538235,0.001387,0.407712,4.510542
11.896000,-0.714880,-1.126901,4.528836,0.001387,0.412020,4.510542
11.909000,-0.715958,-1.124497,4.521206,0.001387,0.408540,4.510542
11.922000,-0.709221,-1.122230,4.514006,0.001387,0.413009,4.510542
11.933000,-0.694643,-1.119444,4.505163,0.001387,0.424801,4.510542
11.939000,-0.687621,-1.118320,4.501595,0.001387,0.430700,4.510542
11.947000,-0.690149,-1.116254,4.495033,0.001387,0.426104,4.510542
11.959000,-0.696321,-1.113839,4.487365,0.001387,0.417517,4.510542
11.978000,-0.696146,-1.109783,4.474490,0.001387,0.413637,4.510542
11.989000,-0.691799,-1.107449,4.467079,0.001386,0.415650,4.465437
12.000000,-0.682407,-1.105141,4.459752,0.001387,0.422734,4.465437
12.011000,-0.684712,-1.102423,4.451122,0.001387,0.417711,4.420331
12.022000,-0.692387,-1.100180,4.443999,0.001387,0.407792,4.420331
12.034000,-0.695475,-1.097633,4.435916,0.001387,0.402159,4.465437
12.046000,-0.693524,-1.095066,4.427764,0.001387,0.401542,4.420331
12.059000,-0.686629,-1.092289,4.418946,0.001387,0.405660,4.420331
12.072000,-0.675167,-1.089573,4.410326,0.001387,0.414406,4.420331
12.084000,-0.658994,-1.087165,4.402679,0.001387,0.428171,4.375226
12.096000,-0.654752,-1.084369,4.393804,0.001387,0.429617,4.420331
12.109000,-0.654786,-1.081917,4.386019,0.001387,0.427131,4.375226
12.121000,-0.666486,-1.079093,4.377053,0.001387,0.412607,4.375226
12.134000,-0.674302,-1.075970,4.367138,0.001387,0.401669,4.375226
12.147000,-0.686304,-1.073339,4.358785,0.001387,0.387035,4.330121
12.159000,-0.685426,-1.070289,4.349102,0.001387,0.384864,4.330121
12.174000,-0.687766,-1.067172,4.339203,0.001387,0.379406,4.375226
12.193000,-0.684979,-1.063139,4.326399,0.001387,0.378160,4.330121
12.209000,-0.680032,-1.059702,4.315489,0.001387,0.379671,4.330121
12.231000,-0.682835,-1.055487,4.302105,0.001387,0.372651,4.285015
12.244000,-0.668787,-1.052665,4.293145,0.001387,0.383877,4.285015
12.256000,-0.664148,-1.050727,4.286994,0.001387,0.386579,4.285015
12.268000,-0.664383,-1.048274,4.279204,0.001387,0.383891,4.285015
12.281000,-0.660620,-1.045620,4.270778,0.001387,0.384999,4.285015
12.293000,-0.662804,-1.042673,4.261425,0.001387,0.379869,4.239910
12.305000,-0.661526,-1.039700,4.251985,0.001387,0.378175,4.239910
12.317000,-0.646354,-1.037309,4.244394,0.001387,0.390955,4.239910
12.330000,-0.650647,-1.034751,4.236272,0.001387,0.384104,4.239910
12.342000,-0.650414,-1.032382,4.228750,0.001387,0.381968,4.239910
12.355000,-0.645557,-1.029842,4.220687,0.001387,0.384285,4.239910
12.367000,-0.647813,-1.027032,4.211765,0.001387,0.379219,4.239910
12.380000,-0.647471,-1.024971,4.205221,0.001387,0.377500,4.194804
12.394000,-0.653226,-1.022189,4.196388,0.001387,0.368963,4.194804
12.406000,-0.654226,-1.019786,4.188759,0.001387,0.365560,4.194804
12.418000,-0.662279,-1.017835,4.182565,0.001387,0.355556,4.149699
12.430000,-0.663984,-1.014727,4.172699,0.001387,0.350743,4.194804
12.442000,-0.662914,-1.011568,4.162669,0.001387,0.348654,4.149699
12.454000,-0.643100,-1.009087,4.154792,0.001387,0.365987,4.149699
12.468000,-0.642403,-1.006368,4.146161,0.001387,0.363965,4.149699
12.485000,-0.647472,-1.003587,4.137331,0.001387,0.356115,4.104593
12.500000,-0.648672,-1.000202,4.126582,0.001387,0.351529,4.149699
12.512000,-0.657287,-0.997892,4.119249,0.001387,0.340605,4.104593
12.525000,-0.649857,-0.994873,4.109663,0.001387,0.345016,4.104593
12.537000,-0.650008,-0.992590,4.102417,0.001387,0.342582,4.104593
12.549000,-0.645635,-0.990342,4.095278,0.001387,0.344707,4.104593
12.562000,-0.649952,-0.987389,4.085903,0.001387,0.337438,4.104593
12.574000,-0.650819,-0.984631,4.077146,0.001387,0.333812,4.104593
12.587000,-0.647733,-0.981684,4.067789,0.001387,0.333951,4.059488
12.600000,-0.651387,-0.979229,4.059995,0.001387,0.327842,4.059488
12.612000,-0.651186,-0.976973,4.052834,0.001387,0.325787,4.059488
12.624000,-0.646765,-0.974775,4.045855,0.001387,0.328010,4.059488
12.637000,-0.628278,-0.972151,4.037523,0.001387,0.343873,4.014383
12.651000,-0.629450,-0.969307,4.028493,0.001387,0.339856,4.014383
12.664000,-0.626117,-0.966695,4.020201,0.001387,0.340578,4.014383
12.680000,-0.618571,-0.963571,4.010282,0.001387,0.345000,3.969277
12.698000,-0.631152,-0.959917,3.998682,0.001387,0.328765,4.014383
12.713000,-0.631897,-0.957447,3.990840,0.001387,0.325550,4.014383
12.729000,-0.637180,-0.954170,3.980437,0.001387,0.316990,4.014383
12.741000,-0.637984,-0.951695,3.972579,0.001387,0.313711,3.969277
12.752000,-0.633252,-0.949449,3.965447,0.001387,0.316197,3.924172
12.763000,-0.631324,-0.946637,3.956519,0.001388,0.315312,3.969277
12.774000,-0.618031,-0.944521,3.949801,0.001387,0.326489,3.924172
12.787000,-0.608979,-0.941577,3.940457,0.001387,0.332598,3.969277
12.799000,-0.596796,-0.938934,3.932064,0.001387,0.342138,3.924172
12.810000,-0.582333,-0.936597,3.924645,0.001387,0.354264,3.924172
12.822000,-0.581948,-0.934592,3.918280,0.001387,0.352644,3.924172
12.832000,-0.578428,-0.933025,3.913305,0.001387,0.354597,3.924172
12.843000,-0.586610,-0.931746,3.909244,0.001387,0.345136,3.924172
12.858000,-0.598518,-0.929171,3.901068,0.001387,0.330653,3.879066
12.868000,-0.587555,-0.927125,3.894572,0.001387,0.339570,3.879066
12.877000,-0.590585,-0.925750,3.890206,0.001387,0.335165,3.879066
12.879000,-0.585802,-0.925731,3.890146,0.001387,0.339929,3.924172
12.890000,-0.591231,-0.923524,3.883139,0.001387,0.332293,3.879066
12.903000,-0.592654,-0.920934,3.874916,0.001387,0.328280,3.879066
12.914000,-0.589687,-0.918742,3.867958,0.001387,0.329055,3.879066
12.925000,-0.598597,-0.915917,3.858987,0.001387,0.317319,3.833961
12.936000,-0.585752,-0.913764,3.852153,0.001387,0.328012,3.833961
12.947000,-0.579035,-0.912266,3.847395,0.001387,0.333231,3.833961
12.958000,-0.564833,-0.910801,3.842746,0.001387,0.345969,3.833961
12.974000,-0.563083,-0.907987,3.833811,0.001387,0.344904,3.833961
12.987000,-0.585675,-0.905658,3.826418,0.001387,0.319983,3.833961
12.998000,-0.575049,-0.903543,3.819701,0.001387,0.328494,3.833961
13.008000,-0.577157,-0.901134,3.812053,0.001387,0.323977,3.833961
13.019000,-0.570069,-0.899623,3.807258,0.001387,0.329554,3.833961
13.030000,-0.574529,-0.897607,3.800856,0.001387,0.323077,3.833961
13.040000,-0.575221,-0.895730,3.794898,0.001387,0.320509,3.788855
13.051000,-0.571812,-0.893673,3.788368,0.001388,0.321861,3.788855
13.063000,-0.564590,-0.891462,3.781345,0.001387,0.326871,3.743750
13.076000,-0.553271,-0.889140,3.773976,0.001387,0.335869,3.743750
13.089000,-0.552838,-0.886461,3.765468,0.001387,0.333623,3.788855
13.099000,-0.560658,-0.884808,3.760222,0.001387,0.324151,3.743750
13.110000,-0.564493,-0.882875,3.754084,0.001387,0.318382,3.743750
13.122000,-0.550057,-0.881156,3.748628,0.001387,0.331100,3.743750
13.133000,-0.557594,-0.879693,3.743980,0.001388,0.322098,3.743750
13.144000,-0.560411,-0.878147,3.739072,0.001387,0.317735,3.743750
13.160000,-0.561323,-0.875673,3.731218,0.001387,0.314350,3.743750
13.171000,-0.572591,-0.873533,3.724424,0.001387,0.300942,3.743750
13.184000,-0.581458,-0.870936,3.716180,0.001387,0.289479,3.698645
13.201000,-0.587489,-0.867538,3.705390,0.001387,0.280049,3.698645
13.214000,-0.588877,-0.864838,3.696819,0.001387,0.275962,3.698645
13.227000,-0.584790,-0.862147,3.688276,0.001387,0.277358,3.653539
13.240000,-0.588345,-0.860013,3.681500,0.001387,0.271669,3.698645
13.253000,-0.587940,-0.857821,3.674541,0.001387,0.269881,3.698645
13.267000,-0.584034,-0.855437,3.666972,0.001387,0.271403,3.653539
13.280000,-0.576292,-0.853282,3.660128,0.001387,0.276990,3.653539
13.292000,-0.564471,-0.851392,3.654128,0.001387,0.286920,3.653539
13.304000,-0.560752,-0.849065,3.646741,0.001387,0.288313,3.653539
13.316000,-0.553908,-0.846798,3.639543,0.001387,0.292889,3.653539
13.328000,-0.568496,-0.844482,3.632192,0.001387,0.275987,3.653539
13.341000,-0.578680,-0.841857,3.623856,0.001387,0.263177,3.653539
13.353000,-0.572938,-0.839872,3.617554,0.001387,0.266934,3.608434
13.370000,-0.575588,-0.836509,3.606878,0.001387,0.260921,3.608434
13.383000,-0.574371,-0.833851,3.598439,0.001387,0.259480,3.608434
13.393000,-0.570586,-0.831757,3.591790,0.001387,0.261171,3.563328
13.405000,-0.563341,-0.829342,3.584122,0.001387,0.266001,3.563328
13.416000,-0.566707,-0.827596,3.578580,0.001387,0.260889,3.563328
13.427000,-0.564232,-0.825888,3.573158,0.001387,0.261657,3.563328
13.438000,-0.556695,-0.824218,3.567854,0.001387,0.267523,3.563328
13.448000,-0.569646,-0.822701,3.563040,0.001387,0.253056,3.563328
13.459000,-0.565762,-0.820396,3.555720,0.001387,0.254634,3.563328
13.475000,-0.556599,-0.817236,3.545689,0.001387,0.260638,3.563328
13.491000,-0.556939,-0.813651,3.534306,0.001387,0.256712,3.518223
13.504000,-0.552886,-0.811667,3.528008,0.001387,0.258781,3.518223
13.516000,-0.544674,-0.809899,3.522394,0.001387,0.265225,3.518223
13.528000,-0.546045,-0.807680,3.515348,0.001387,0.261635,3.518223
13.540000,-0.554484,-0.805928,3.509787,0.001387,0.251444,3.518223
13.552000,-0.558700,-0.804095,3.503967,0.001387,0.245395,3.518223
13.563000,-0.558833,-0.802404,3.498599,0.001388,0.243572,3.518223
13.577000,-0.554611,-0.800198,3.491596,0.001387,0.245588,3.473118
13.593000,-0.536180,-0.797267,3.482289,0.001387,0.261087,3.473118
13.605000,-0.524681,-0.795699,3.477311,0.001387,0.271018,3.473118
13.616000,-0.523073,-0.793832,3.471383,0.001387,0.270759,3.473118
13.628000,-0.517631,-0.791860,3.465121,0.001387,0.274229,3.473118
13.640000,-0.518859,-0.790416,3.460538,0.001387,0.271557,3.473118
13.652000,-0.520350,-0.787929,3.452642,0.001387,0.267580,3.473118
13.663000,-0.520056,-0.785694,3.445545,0.001388,0.265637,3.428012
13.679000,-0.527237,-0.783077,3.437239,0.001388,0.255840,3.428012
13.694000,-0.531188,-0.780561,3.429249,0.001388,0.249373,3.428012
13.712000,-0.531609,-0.777514,3.419576,0.001387,0.245905,3.382907
13.726000,-0.529121,-0.775141,3.412043,0.001388,0.246020,3.428012
13.743000,-0.521506,-0.772270,3.402926,0.001388,0.250764,3.428012
13.757000,-0.509751,-0.770002,3.395725,0.001388,0.260250,3.428012
13.770000,-0.519924,-0.767916,3.389102,0.001387,0.247991,3.382907
13.782000,-0.526369,-0.765921,3.382770,0.001387,0.239552,3.382907
13.795000,-0.512900,-0.763283,3.374395,0.001388,0.250384,3.382907
13.807000,-0.513564,-0.761370,3.368321,0.001387,0.247806,3.337801
13.819000,-0.510876,-0.759482,3.362325,0.001387,0.248606,3.337801
13.831000,-0.505085,-0.757657,3.356532,0.001388,0.252572,3.337801
13.843000,-0.496214,-0.755927,3.351039,0.001388,0.259713,3.337801
13.855000,-0.509102,-0.754105,3.345255,0.001388,0.245003,3.382907
13.866000,-0.517162,-0.752403,3.339852,0.001388,0.235241,3.337801
13.878000,-0.521013,-0.750488,3.333772,0.001387,0.229475,3.337801
13.889000,-0.521398,-0.748722,3.328163,0.001387,0.227324,3.337801
13.901000,-0.517779,-0.746812,3.322101,0.001388,0.229034,3.292696
13.913000,-0.510384,-0.744972,3.316258,0.001388,0.234588,3.337801
13.917000,-0.510563,-0.744933,3.316136,0.001388,0.234370,3.337801
13.925000,-0.508207,-0.743229,3.310724,0.001387,0.235022,3.292696
13.939000,-0.514948,-0.741071,3.303872,0.001387,0.226123,3.292696
13.951000,-0.516557,-0.739196,3.297922,0.001388,0.222640,3.292696
13.963000,-0.519062,-0.736147,3.288241,0.001388,0.217085,3.292696
13.983000,-0.509794,-0.733001,3.278252,0.001387,0.223207,3.292696
13.999000,-0.497430,-0.730635,3.270740,0.001387,0.233205,3.292696
14.010000,-0.494213,-0.729665,3.267661,0.001387,0.235452,3.247590
14.021000,-0.488666,-0.727696,3.261410,0.001387,0.239031,3.247590
14.033000,-0.491945,-0.726107,3.256364,0.001388,0.234162,3.292696
14.043000,-0.490853,-0.724818,3.252273,0.001387,0.233966,3.247590
14.054000,-0.501826,-0.722846,3.246011,0.001387,0.221020,3.247590
14.064000,-0.510149,-0.720959,3.240022,0.001388,0.210810,3.247590
14.075000,-0.516062,-0.718871,3.233390,0.001387,0.202808,3.247590
14.087000,-0.518841,-0.716593,3.226157,0.001387,0.197752,3.202485
14.103000,-0.502191,-0.714225,3.218641,0.001387,0.212034,3.202485
14.116000,-0.508623,-0.712395,3.212832,0.001388,0.203773,3.202485
14.127000,-0.511938,-0.710844,3.207906,0.001388,0.198906,3.202485
14.140000,-0.500242,-0.708493,3.200443,0.001388,0.208252,3.202485
14.152000,-0.510273,-0.706339,3.193604,0.001388,0.196066,3.202485
14.166000,-0.504045,-0.704323,3.187204,0.001388,0.200279,3.157380
14.178000,-0.495904,-0.702686,3.182007,0.001387,0.206783,3.202485
14.191000,-0.497135,-0.700331,3.174529,0.001388,0.203196,3.157380
14.206000,-0.493807,-0.697666,3.166068,0.001388,0.203859,3.157380
14.226000,-0.500538,-0.694733,3.156754,0.001388,0.194195,3.202485
14.240000,-0.488468,-0.692221,3.148782,0.001387,0.203753,3.157380
14.252000,-0.490023,-0.690669,3.143853,0.001387,0.200646,3.157380
14.264000,-0.487329,-0.689146,3.139016,0.001387,0.201816,3.112274
14.275000,-0.490540,-0.687251,3.133002,0.001388,0.196711,3.157380
14.285000,-0.506823,-0.685922,3.128781,0.001388,0.179099,3.112274
14.296000,-0.491520,-0.684398,3.123943,0.001388,0.192878,3.112274
14.306000,-0.499171,-0.683078,3.119754,0.001388,0.183907,3.112274
14.317000,-0.502835,-0.681552,3.114907,0.001388,0.178716,3.112274
14.327000,-0.488240,-0.679772,3.109257,0.001387,0.191532,3.112274
14.338000,-0.484872,-0.678377,3.104828,0.001388,0.193505,3.112274
14.349000,-0.491134,-0.676472,3.098781,0.001388,0.185338,3.112274
14.360000,-0.494157,-0.674559,3.092705,0.001388,0.180402,3.067169
14.371000,-0.506638,-0.673049,3.087913,0.001388,0.166411,3.067169
14.382000,-0.503282,-0.671044,3.081545,0.001388,0.167761,3.112274
14.394000,-0.508810,-0.669348,3.076161,0.001388,0.160538,3.067169
14.406000,-0.498437,-0.667213,3.069383,0.001388,0.168776,3.067169
14.417000,-0.500714,-0.664720,3.061469,0.001388,0.164006,3.067169
14.429000,-0.484300,-0.662706,3.055075,0.001388,0.178406,3.067169
14.443000,-0.491254,-0.660343,3.047571,0.001388,0.169089,3.067169
14.456000,-0.494550,-0.658110,3.040481,0.001387,0.163559,3.022063
14.469000,-0.490222,-0.657123,3.037349,0.001387,0.166902,3.067169
14.482000,-0.495790,-0.655549,3.032353,0.001388,0.159759,3.022063
14.494000,-0.497594,-0.654051,3.027596,0.001388,0.156457,3.022063
14.506000,-0.508807,-0.651948,3.020920,0.001388,0.143141,3.022063
14.520000,-0.490021,-0.649467,3.013040,0.001387,0.159446,2.976958
14.534000,-0.495124,-0.647149,3.005681,0.001387,0.152025,3.022063
14.545000,-0.496865,-0.645266,2.999705,0.001388,0.148401,2.976958
14.556000,-0.495839,-0.643375,2.993699,0.001388,0.147535,2.976958
14.567000,-0.491947,-0.641506,2.987766,0.001388,0.149558,3.022063
14.579000,-0.498863,-0.639945,2.982810,0.001388,0.141081,2.976958
14.590000,-0.488322,-0.638070,2.976859,0.001387,0.149748,2.976958
14.601000,-0.474975,-0.636302,2.971246,0.001388,0.161328,2.976958
14.613000,-0.485160,-0.634378,2.965137,0.001387,0.149218,2.931852
14.623000,-0.492665,-0.632673,2.959722,0.001388,0.140008,2.976958
14.635000,-0.482958,-0.631185,2.954998,0.001388,0.148226,2.931852
14.646000,-0.483498,-0.629385,2.949284,0.001388,0.145887,2.976958
14.657000,-0.481087,-0.627607,2.943638,0.001388,0.146519,2.976958
14.668000,-0.475571,-0.625859,2.938089,0.001388,0.150288,2.976958
14.679000,-0.479007,-0.624645,2.934234,0.001388,0.145638,2.931852
14.690000,-0.465741,-0.622985,2.928963,0.001388,0.157244,2.931852
14.704000,-0.476093,-0.620877,2.922272,0.001388,0.144784,2.886747
14.723000,-0.469401,-0.618589,2.915007,0.001388,0.149188,2.886747
14.734000,-0.471741,-0.616947,2.909794,0.001388,0.145206,2.886747
14.748000,-0.471466,-0.614870,2.903201,0.001387,0.143404,2.886747
14.760000,-0.467087,-0.613108,2.897605,0.001387,0.146021,2.931852
14.770000,-0.471175,-0.611073,2.891146,0.001388,0.139898,2.886747
14.781000,-0.460049,-0.609479,2.886085,0.001388,0.149430,2.886747
14.792000,-0.473237,-0.607893,2.881050,0.001388,0.134656,2.886747
14.803000,-0.469014,-0.605753,2.874256,0.001388,0.136739,2.886747
14.814000,-0.463620,-0.604669,2.870815,0.001388,0.141049,2.841642
14.826000,-0.467441,-0.602953,2.865365,0.001388,0.135511,2.886747
14.837000,-0.468174,-0.601365,2.860326,0.001388,0.133192,2.886747
14.848000,-0.451717,-0.599367,2.853982,0.001388,0.147651,2.841642
14.862000,-0.458730,-0.596955,2.846324,0.001388,0.138225,2.841642
14.872000,-0.451912,-0.595607,2.842041,0.001388,0.143695,2.841642
14.883000,-0.454593,-0.593628,2.835760,0.001388,0.139035,2.841642
14.893000,-0.442230,-0.592356,2.831721,0.001388,0.150126,2.841642
14.905000,-0.439500,-0.591370,2.828590,0.001388,0.151869,2.841642
14.916000,-0.433100,-0.590622,2.826217,0.001388,0.157523,2.796536
14.927000,-0.436752,-0.589378,2.822265,0.001388,0.152626,2.841642
14.938000,-0.437167,-0.588173,2.818439,0.001388,0.151005,2.796536
14.951000,-0.449535,-0.586035,2.811653,0.001388,0.136500,2.796536
14.964000,-0.457601,-0.583871,2.804781,0.001388,0.126270,2.796536
14.974000,-0.462194,-0.582075,2.799081,0.001387,0.119881,2.796536
14.988000,-0.462885,-0.579693,2.791517,0.001388,0.116808,2.796536
15.001000,-0.448385,-0.578096,2.786447,0.001388,0.129711,2.796536
15.013000,-0.440951,-0.576112,2.780147,0.001387,0.135161,2.796536
15.024000,-0.430879,-0.574334,2.774502,0.001387,0.143454,2.751431
15.034000,-0.419275,-0.572800,2.769634,0.001388,0.153525,2.796536
15.044000,-0.422049,-0.571839,2.766584,0.001388,0.149790,2.751431
15.054000,-0.433670,-0.570291,2.761668,0.001388,0.136621,2.751431
15.065000,-0.428590,-0.569101,2.757889,0.001388,0.140510,2.751431
15.076000,-0.419955,-0.567978,2.754323,0.001387,0.148023,2.796536
15.086000,-0.436819,-0.566937,2.751018,0.001387,0.130118,2.751431
15.099000,-0.434659,-0.564973,2.744784,0.001388,0.130314,2.751431
15.109000,-0.429756,-0.563453,2.739959,0.001387,0.133697,2.751431
15.119000,-0.422439,-0.561988,2.735307,0.001387,0.139549,2.751431
15.129000,-0.427119,-0.560994,2.732151,0.001387,0.133876,2.706325
15.139000,-0.413314,-0.559586,2.727680,0.001387,0.146272,2.706325
15.148000,-0.426606,-0.558268,2.723497,0.001388,0.131662,2.706325
15.157000,-0.420384,-0.557464,2.720944,0.001388,0.137080,2.706325
15.167000,-0.427528,-0.555994,2.716276,0.001388,0.128466,2.706325
15.177000,-0.431545,-0.554479,2.711467,0.001388,0.122934,2.706325
15.187000,-0.432475,-0.552951,2.706615,0.001388,0.120477,2.706325
15.198000,-0.430519,-0.551270,2.701278,0.001388,0.120751,2.706325
15.209000,-0.436649,-0.550170,2.697784,0.001388,0.113520,2.706325
15.228000,-0.427076,-0.547426,2.689074,0.001388,0.120350,2.706325
15.241000,-0.428617,-0.546090,2.684834,0.001388,0.117474,2.706325
15.251000,-0.426497,-0.544089,2.678480,0.001388,0.117592,2.706325
15.263000,-0.422294,-0.542905,2.674720,0.001388,0.120611,2.661220
15.275000,-0.428739,-0.541160,2.669178,0.001387,0.112421,2.661220
15.285000,-0.432233,-0.539623,2.664299,0.001387,0.107389,2.661220
15.295000,-0.447675,-0.538560,2.660924,0.001388,0.090884,2.661220
15.306000,-0.430520,-0.537324,2.657000,0.001388,0.106804,2.616114
15.316000,-0.424554,-0.535813,2.652205,0.001388,0.111259,2.661220
15.326000,-0.415766,-0.534364,2.647604,0.001388,0.118598,2.661220
15.336000,-0.404729,-0.533006,2.643291,0.001388,0.128277,2.661220
15.347000,-0.404628,-0.532053,2.640266,0.001388,0.127425,2.616114
15.358000,-0.416432,-0.530586,2.635608,0.001388,0.114154,2.661220
15.368000,-0.425519,-0.529164,2.631093,0.001388,0.103644,2.616114
15.379000,-0.432533,-0.527534,2.625918,0.001388,0.095001,2.616114
15.389000,-0.437208,-0.525981,2.620990,0.001388,0.088774,2.616114
15.402000,-0.439017,-0.523971,2.614606,0.001388,0.084953,2.616114
15.414000,-0.437839,-0.522074,2.608584,0.001388,0.084235,2.616114
15.427000,-0.448174,-0.520500,2.603588,0.001388,0.072326,2.616114
15.437000,-0.440934,-0.518808,2.598216,0.001388,0.077874,2.571009
15.447000,-0.445265,-0.517679,2.594632,0.001388,0.072414,2.616114
15.459000,-0.430094,-0.515803,2.588676,0.001388,0.085709,2.571009
15.470000,-0.411800,-0.514211,2.583620,0.001388,0.102411,2.616114
15.482000,-0.419479,-0.513661,2.581873,0.001388,0.094181,2.571009
15.496000,-0.408035,-0.511192,2.574036,0.001388,0.103157,2.571009
15.509000,-0.407472,-0.509428,2.568435,0.001388,0.101956,2.571009
15.519000,-0.419671,-0.508579,2.565738,0.001388,0.088908,2.525904
15.529000,-0.426568,-0.507557,2.562494,0.001388,0.080989,2.571009
15.540000,-0.444305,-0.505816,2.556967,0.001388,0.061511,2.571009
15.551000,-0.431129,-0.503948,2.551038,0.001388,0.072820,2.571009
15.560000,-0.416791,-0.502508,2.546464,0.001388,0.085717,2.571009
15.570000,-0.412046,-0.501487,2.543223,0.001388,0.089441,2.525904
15.580000,-0.420495,-0.500015,2.538550,0.001388,0.079520,2.525904
15.590000,-0.409411,-0.498987,2.535285,0.001388,0.089576,2.525904
15.600000,-0.412367,-0.497540,2.530693,0.001388,0.085173,2.525904
15.610000,-0.422750,-0.496518,2.527448,0.001388,0.073768,2.525904
15.622000,-0.420603,-0.494680,2.521612,0.001388,0.074077,2.525904
15.634000,-0.415803,-0.492933,2.516066,0.001388,0.077131,2.525904
15.645000,-0.408396,-0.491402,2.511206,0.001388,0.083006,2.480798
15.657000,-0.407421,-0.490263,2.507588,0.001388,0.082842,2.525904
15.668000,-0.411123,-0.488179,2.500972,0.001388,0.077056,2.480798
15.680000,-0.405102,-0.487074,2.497464,0.001388,0.081972,2.525904
15.692000,-0.413084,-0.485390,2.492116,0.001388,0.072306,2.525904
15.704000,-0.401731,-0.484297,2.488648,0.001388,0.082567,2.435693
15.716000,-0.403593,-0.482658,2.483443,0.001388,0.079065,2.525904
15.738000,-0.401259,-0.479748,2.474204,0.001388,0.078489,2.480798
15.756000,-0.395036,-0.477387,2.466708,0.001388,0.082350,2.435693
15.770000,-0.395736,-0.474984,2.459080,0.001388,0.079248,2.435693
15.782000,-0.402714,-0.473892,2.455613,0.001387,0.071178,2.435693
15.793000,-0.388868,-0.472403,2.450885,0.001388,0.083535,2.480798
15.802000,-0.390138,-0.471727,2.448738,0.001388,0.081589,2.480798
15.813000,-0.387216,-0.470781,2.445735,0.001388,0.083565,2.435693
15.823000,-0.391650,-0.469465,2.441556,0.001388,0.077814,2.435693
15.833000,-0.393841,-0.468114,2.437269,0.001388,0.074273,2.435693
15.844000,-0.393768,-0.466621,2.432528,0.001388,0.072853,2.435693
15.856000,-0.391460,-0.465010,2.427412,0.001388,0.073550,2.390587
15.868000,-0.386812,-0.463420,2.422364,0.001388,0.076608,2.435693
15.873000,-0.394177,-0.463139,2.421472,0.001388,0.068962,2.435693
15.880000,-0.384298,-0.462150,2.418335,0.001388,0.077852,2.435693
15.892000,-0.388248,-0.460131,2.411924,0.001388,0.071884,2.390587
15.905000,-0.385008,-0.458926,2.408096,0.001388,0.073918,2.435693
15.917000,-0.395395,-0.457314,2.402980,0.001388,0.061920,2.390587
15.929000,-0.386191,-0.456216,2.399495,0.001388,0.070025,2.390587
15.940000,-0.372555,-0.455379,2.396835,0.001388,0.082824,2.390587
15.952000,-0.391600,-0.453230,2.390012,0.001388,0.061630,2.390587
15.966000,-0.371893,-0.452123,2.386500,0.001388,0.080230,2.390587
15.980000,-0.365713,-0.450537,2.381464,0.001388,0.084825,2.390587
15.993000,-0.382892,-0.449044,2.376722,0.001388,0.066152,2.390587
16.005000,-0.384354,-0.446881,2.369856,0.001388,0.062527,2.345482
16.017000,-0.395088,-0.445395,2.365137,0.001388,0.050307,2.390587
16.033000,-0.375537,-0.443254,2.358341,0.001388,0.067718,2.345482
16.045000,-0.367334,-0.442318,2.355367,0.001387,0.074983,2.345482
16.057000,-0.382457,-0.441390,2.352424,0.001387,0.058933,2.345482
16.068000,-0.370572,-0.439503,2.346432,0.001388,0.068931,2.345482
16.080000,-0.369063,-0.438078,2.341906,0.001388,0.069014,2.345482
16.091000,-0.377196,-0.437220,2.339183,0.001388,0.060024,2.345482
16.103000,-0.384268,-0.435266,2.332978,0.001388,0.050997,2.345482
16.115000,-0.387786,-0.434165,2.329485,0.001388,0.046379,2.300377
16.127000,-0.377425,-0.432619,2.324576,0.001388,0.055194,2.345482
16.138000,-0.365157,-0.431292,2.320364,0.001388,0.066135,2.345482
16.150000,-0.364357,-0.429390,2.314324,0.001388,0.065033,2.300377
16.162000,-0.359559,-0.428529,2.311590,0.001388,0.068970,2.300377
16.174000,-0.365591,-0.427144,2.307192,0.001388,0.061552,2.300377
16.185000,-0.369307,-0.425833,2.303031,0.001388,0.056526,2.300377
16.197000,-0.370612,-0.424379,2.298414,0.001388,0.053766,2.300377
16.208000,-0.381480,-0.423532,2.295726,0.001388,0.042052,2.300377
16.220000,-0.377105,-0.422005,2.290878,0.001388,0.044900,2.300377
16.239000,-0.383825,-0.420203,2.285158,0.001388,0.036378,2.255271
16.260000,-0.391611,-0.418103,2.278490,0.001388,0.026493,2.300377
16.274000,-0.387008,-0.415723,2.270933,0.001388,0.028715,2.255271
16.286000,-0.387566,-0.414744,2.267823,0.001387,0.027177,2.300377
16.297000,-0.376288,-0.412831,2.261751,0.001388,0.036543,2.255271
16.307000,-0.380337,-0.411569,2.257744,0.001388,0.031232,2.210166
16.318000,-0.381936,-0.410168,2.253296,0.001388,0.028232,2.300377
16.329000,-0.381338,-0.408768,2.248851,0.001388,0.027430,2.255271
16.339000,-0.378565,-0.407514,2.244869,0.001388,0.028948,2.210166
16.350000,-0.373343,-0.406172,2.240610,0.001388,0.032829,2.255271
16.361000,-0.380536,-0.405299,2.237838,0.001388,0.024763,2.210166
16.371000,-0.381891,-0.403561,2.232321,0.001388,0.021671,2.255271
16.382000,-0.383203,-0.402644,2.229409,0.001388,0.019441,2.255271
16.392000,-0.380437,-0.401864,2.226933,0.001388,0.021427,2.255271
16.403000,-0.387722,-0.400453,2.222452,0.001388,0.012731,2.210166
16.415000,-0.392814,-0.398867,2.217416,0.001388,0.006053,2.210166
16.427000,-0.395252,-0.397244,2.212265,0.001388,0.001992,2.210166
16.439000,-0.395291,-0.395609,2.207075,0.001388,0.000318,2.210166
16.450000,-0.392665,-0.394109,2.202312,0.001388,0.001445,2.165060
16.462000,-0.387482,-0.392518,2.197260,0.001388,0.005035,2.210166
16.474000,-0.379439,-0.390999,2.192438,0.001388,0.011560,2.165060
16.486000,-0.396374,-0.389395,2.187345,0.001388,-0.006979,2.165060
16.499000,-0.379541,-0.387671,2.181872,0.001388,0.008130,2.210166
16.510000,-0.388161,-0.386356,2.177696,0.001388,-0.001805,2.165060
16.524000,-0.365444,-0.384618,2.172179,0.001388,0.019174,2.210166
16.538000,-0.354007,-0.382571,2.165678,0.001388,0.028563,2.165060
16.549000,-0.369502,-0.380941,2.160504,0.001388,0.011439,2.165060
16.559000,-0.355093,-0.380349,2.158625,0.001388,0.025256,2.165060
16.569000,-0.363288,-0.379820,2.156946,0.001388,0.016532,2.165060
16.581000,-0.382693,-0.378450,2.152595,0.001388,-0.004243,2.165060
16.592000,-0.373100,-0.377069,2.148212,0.001388,0.003969,2.119955
16.603000,-0.376321,-0.375271,2.142504,0.001388,-0.001049,2.165060
16.615000,-0.362336,-0.373854,2.138003,0.001388,0.011517,2.119955
16.627000,-0.345705,-0.372568,2.133921,0.001388,0.026863,2.119955
16.640000,-0.337663,-0.371794,2.131464,0.001388,0.034131,2.119955
16.651000,-0.341991,-0.370750,2.128149,0.001388,0.028759,2.119955
16.663000,-0.343770,-0.369568,2.124396,0.001388,0.025798,2.119955
16.674000,-0.342916,-0.368486,2.120960,0.001388,0.025570,2.119955
16.686000,-0.339666,-0.367314,2.117239,0.001388,0.027647,2.119955
16.698000,-0.349546,-0.365590,2.111768,0.001388,0.016044,2.119955
16.710000,-0.342030,-0.364380,2.107924,0.001388,0.022350,2.119955
16.722000,-0.347155,-0.362635,2.102386,0.001388,0.015481,2.074849
16.743000,-0.359618,-0.360368,2.095186,0.001388,0.000750,2.119955
16.754000,-0.358078,-0.359687,2.093026,0.001388,0.001610,2.074849
16.767000,-0.366633,-0.358186,2.088262,0.001388,-0.008446,2.119955
16.781000,-0.359884,-0.357095,2.084796,0.001387,-0.002789,2.119955
16.793000,-0.348431,-0.355232,2.078881,0.001388,0.006801,2.074849
16.805000,-0.348935,-0.353973,2.074885,0.001388,0.005038,2.074849
16.817000,-0.347150,-0.352710,2.070873,0.001388,0.005559,2.029744
16.829000,-0.343097,-0.351468,2.066929,0.001388,0.008370,2.029744
16.841000,-0.336651,-0.350272,2.063133,0.001388,0.013621,2.074849
16.853000,-0.353643,-0.349032,2.059197,0.001388,-0.004611,2.074849
16.865000,-0.342625,-0.347779,2.055218,0.001388,0.005153,2.074849
16.877000,-0.354898,-0.346501,2.051163,0.001388,-0.008396,2.074849
16.888000,-0.364164,-0.345234,2.047139,0.001388,-0.018930,2.029744
16.900000,-0.358361,-0.343338,2.041121,0.001388,-0.015023,2.029744
16.912000,-0.363763,-0.341941,2.036683,0.001388,-0.021822,2.029744
16.924000,-0.366643,-0.340500,2.032109,0.001388,-0.026143,2.029744
16.935000,-0.367394,-0.339155,2.027839,0.001388,-0.028239,2.029744
16.947000,-0.365694,-0.337700,2.023219,0.001388,-0.027994,2.029744
16.959000,-0.361520,-0.336274,2.018693,0.001388,-0.025246,2.029744
16.974000,-0.354497,-0.334577,2.013304,0.001388,-0.019920,2.029744
16.988000,-0.358740,-0.332393,2.006369,0.001388,-0.026347,1.984639
17.000000,-0.359123,-0.331592,2.003827,0.001388,-0.027531,1.984639
17.012000,-0.369791,-0.330172,1.999320,0.001388,-0.039619,1.984639
17.026000,-0.351032,-0.328545,1.994152,0.001388,-0.022487,1.984639
17.039000,-0.342937,-0.327701,1.991473,0.001388,-0.015236,2.029744
17.051000,-0.331877,-0.326010,1.986106,0.001388,-0.005866,1.984639
17.063000,-0.332169,-0.324900,1.982580,0.001388,-0.007269,1.984639
17.075000,-0.343258,-0.323233,1.977289,0.001388,-0.020025,1.984639
17.087000,-0.352544,-0.321472,1.971698,0.001388,-0.031072,1.984639
17.098000,-0.359807,-0.320742,1.969380,0.001388,-0.039065,1.939533
17.109000,-0.351497,-0.319548,1.965588,0.001388,-0.031949,1.984639
17.121000,-0.352859,-0.318761,1.963091,0.001388,-0.034097,1.939533
17.135000,-0.338802,-0.317315,1.958501,0.001388,-0.021487,1.939533
17.147000,-0.335141,-0.315656,1.953234,0.001388,-0.019485,1.984639
17.159000,-0.342605,-0.314490,1.949532,0.001388,-0.028114,1.939533
17.172000,-0.334418,-0.312707,1.943870,0.001388,-0.021711,1.939533
17.183000,-0.337821,-0.311673,1.940586,0.001388,-0.026148,1.939533
17.195000,-0.338616,-0.310515,1.936911,0.001388,-0.028101,1.939533
17.207000,-0.336944,-0.309372,1.933283,0.001388,-0.027571,1.939533
17.218000,-0.319772,-0.307884,1.928558,0.001388,-0.011887,1.939533
17.230000,-0.312947,-0.306958,1.925616,0.001388,-0.005990,1.939533
17.251000,-0.315806,-0.304616,1.918181,0.001388,-0.011190,1.894428
17.262000,-0.317425,-0.303232,1.913788,0.001388,-0.014193,1.894428
17.274000,-0.331539,-0.302181,1.910451,0.001388,-0.029358,1.939533
17.288000,-0.342247,-0.300830,1.906161,0.001388,-0.041417,1.894428
17.299000,-0.338857,-0.300309,1.904506,0.001388,-0.038549,1.939533
17.310000,-0.343177,-0.299249,1.901141,0.001388,-0.043928,1.894428
17.320000,-0.330325,-0.297789,1.896508,0.001388,-0.032536,1.894428
17.331000,-0.316700,-0.296361,1.891972,0.001388,-0.020339,1.894428
17.342000,-0.301541,-0.295055,1.887827,0.001388,-0.006486,1.849322
17.352000,-0.299416,-0.293444,1.882711,0.001388,-0.005973,1.894428
17.363000,-0.306531,-0.293217,1.881992,0.001388,-0.013314,1.849322
17.378000,-0.311693,-0.291536,1.876654,0.001388,-0.020157,1.894428
17.390000,-0.315205,-0.290117,1.872150,0.001388,-0.025087,1.894428
17.402000,-0.315245,-0.289677,1.870753,0.001388,-0.025568,1.849322
17.414000,-0.326078,-0.288685,1.867602,0.001388,-0.037394,1.894428
17.425000,-0.322022,-0.287276,1.863129,0.001388,-0.034747,1.849322
17.437000,-0.328263,-0.286248,1.859866,0.001388,-0.042015,1.849322
17.448000,-0.320133,-0.284828,1.855356,0.001388,-0.035305,1.849322
17.462000,-0.309696,-0.283193,1.850166,0.001388,-0.026503,1.894428
17.474000,-0.297596,-0.281871,1.845970,0.001388,-0.015724,1.849322
17.486000,-0.295363,-0.281159,1.843708,0.001388,-0.014205,1.849322
17.498000,-0.304347,-0.279899,1.839710,0.001388,-0.024447,1.849322
17.509000,-0.311277,-0.278646,1.835731,0.001388,-0.032631,1.804217
17.524000,-0.300994,-0.277524,1.832169,0.001388,-0.023470,1.804217
17.536000,-0.302413,-0.276216,1.828016,0.001388,-0.026197,1.804217
17.551000,-0.301187,-0.275659,1.826248,0.001388,-0.025528,1.804217
17.564000,-0.297477,-0.274233,1.821719,0.001388,-0.023244,1.849322
17.575000,-0.304566,-0.273507,1.819415,0.001388,-0.031059,1.849322
17.588000,-0.309900,-0.272516,1.816269,0.001388,-0.037383,1.849322
17.600000,-0.325832,-0.271041,1.811585,0.001388,-0.054791,1.849322
17.611000,-0.314377,-0.269673,1.807241,0.001388,-0.044704,1.759111
17.623000,-0.327592,-0.268141,1.802378,0.001389,-0.059451,1.804217
17.635000,-0.313098,-0.266697,1.797794,0.001388,-0.046401,1.804217
17.647000,-0.309054,-0.265806,1.794964,0.001389,-0.043248,1.759111
17.659000,-0.316073,-0.264396,1.790489,0.001388,-0.051677,1.759111
17.670000,-0.320321,-0.264037,1.789348,0.001388,-0.056284,1.804217
17.683000,-0.323161,-0.262467,1.784364,0.001388,-0.060694,1.759111
17.694000,-0.323792,-0.261086,1.779981,0.001389,-0.062705,1.804217
17.706000,-0.322727,-0.259592,1.775236,0.001388,-0.063136,1.804217
17.717000,-0.306344,-0.258859,1.772909,0.001388,-0.047485,1.804217
17.728000,-0.313551,-0.258132,1.770602,0.001388,-0.055418,1.759111
17.740000,-0.318647,-0.257276,1.767884,0.001388,-0.061371,1.759111
17.760000,-0.326123,-0.255586,1.762517,0.001388,-0.070538,1.759111
17.774000,-0.339244,-0.253793,1.756826,0.001389,-0.085451,1.759111
17.788000,-0.349001,-0.251890,1.750784,0.001388,-0.097110,1.759111
17.804000,-0.337117,-0.249227,1.742328,0.001388,-0.087890,1.714006
17.814000,-0.341929,-0.247747,1.737629,0.001388,-0.094182,1.759111
17.827000,-0.334321,-0.246544,1.733811,0.001388,-0.087777,1.714006
17.837000,-0.324923,-0.245731,1.731229,0.001388,-0.079192,1.714006
17.847000,-0.312740,-0.245020,1.728973,0.001388,-0.067720,1.714006
17.857000,-0.297422,-0.244420,1.727067,0.001388,-0.053001,1.759111
17.867000,-0.318725,-0.243283,1.723458,0.001389,-0.075442,1.714006
17.877000,-0.310236,-0.242119,1.719761,0.001388,-0.068117,1.759111
17.887000,-0.315134,-0.241437,1.717595,0.001388,-0.073697,1.714006
17.897000,-0.330454,-0.240202,1.713675,0.001388,-0.090252,1.714006
17.908000,-0.330227,-0.238358,1.707820,0.001388,-0.091869,1.668901
17.918000,-0.315809,-0.237154,1.703997,0.001388,-0.078656,1.714006
17.928000,-0.327823,-0.235924,1.700094,0.001388,-0.091899,1.714006
17.939000,-0.322040,-0.235065,1.697366,0.001388,-0.086975,1.714006
17.950000,-0.312850,-0.234295,1.694921,0.001388,-0.078555,1.714006
17.960000,-0.300115,-0.233747,1.693180,0.001388,-0.066368,1.668901
17.971000,-0.301174,-0.232601,1.689543,0.001388,-0.068573,1.668901
17.984000,-0.299822,-0.231265,1.685301,0.001388,-0.068557,1.668901
17.996000,-0.295299,-0.230098,1.681595,0.001388,-0.065201,1.668901
18.008000,-0.300029,-0.229510,1.679728,0.001388,-0.070519,1.668901
18.020000,-0.302191,-0.228888,1.677756,0.001388,-0.073302,1.714006
18.032000,-0.304617,-0.227046,1.671907,0.001388,-0.077571,1.668901
18.046000,-0.289113,-0.225593,1.667293,0.001388,-0.063520,1.668901
18.062000,-0.284834,-0.223602,1.660973,0.001388,-0.061231,1.668901
18.073000,-0.294005,-0.222655,1.657965,0.001388,-0.071350,1.668901
18.086000,-0.300335,-0.221418,1.654038,0.001389,-0.078918,1.668901
18.096000,-0.292110,-0.220897,1.652385,0.001388,-0.071213,1.623795
18.107000,-0.294824,-0.219837,1.649020,0.001389,-0.074987,1.668901
18.117000,-0.281529,-0.219343,1.647449,0.001388,-0.062186,1.623795
18.127000,-0.292023,-0.218891,1.646015,0.001388,-0.073132,1.623795
18.138000,-0.299848,-0.218247,1.643971,0.001388,-0.081601,1.668901
18.148000,-0.319668,-0.217127,1.640416,0.001388,-0.102540,1.668901
18.159000,-0.323289,-0.216249,1.637626,0.001388,-0.107040,1.623795
18.169000,-0.312936,-0.215022,1.633732,0.001388,-0.097914,1.623795
18.182000,-0.301918,-0.213597,1.629207,0.001388,-0.088321,1.623795
18.194000,-0.288291,-0.212391,1.625380,0.001388,-0.075900,1.623795
18.205000,-0.288266,-0.210839,1.620452,0.001388,-0.077427,1.623795
18.217000,-0.298500,-0.209634,1.616625,0.001388,-0.088866,1.623795
18.228000,-0.306999,-0.208450,1.612865,0.001388,-0.098549,1.623795
18.240000,-0.313641,-0.207102,1.608585,0.001388,-0.106540,1.578690
18.251000,-0.318704,-0.205802,1.604458,0.001388,-0.112902,1.578690
18.271000,-0.304990,-0.204268,1.599589,0.001388,-0.100722,1.623795
18.286000,-0.304020,-0.202694,1.594591,0.001388,-0.101326,1.623795
18.298000,-0.301031,-0.201441,1.590615,0.001388,-0.099589,1.623795
18.315000,-0.311332,-0.200243,1.586809,0.001388,-0.111089,1.578690
18.326000,-0.319644,-0.199552,1.584616,0.001387,-0.120092,1.578690
18.336000,-0.307547,-0.198416,1.581008,0.001387,-0.109131,1.578690
18.346000,-0.304630,-0.196802,1.575887,0.001388,-0.107828,1.578690
18.359000,-0.289910,-0.195512,1.571789,0.001388,-0.094398,1.578690
18.370000,-0.284573,-0.193988,1.566952,0.001388,-0.090585,1.533584
18.382000,-0.294588,-0.192816,1.563231,0.001388,-0.101771,1.533584
18.393000,-0.292591,-0.192206,1.561294,0.001388,-0.100385,1.533584
18.403000,-0.288134,-0.191741,1.559817,0.001388,-0.096393,1.533584
18.413000,-0.291881,-0.190789,1.556796,0.001388,-0.101092,1.578690
18.424000,-0.293612,-0.189717,1.553390,0.001388,-0.103895,1.578690
18.435000,-0.293266,-0.188648,1.549997,0.001388,-0.104618,1.578690
18.445000,-0.291006,-0.187685,1.546941,0.001388,-0.103320,1.578690
18.455000,-0.286879,-0.186752,1.543979,0.001388,-0.100127,1.533584
18.465000,-0.294934,-0.186288,1.542506,0.001388,-0.108645,1.533584
18.476000,-0.285181,-0.185277,1.539296,0.001388,-0.099903,1.533584
18.486000,-0.302766,-0.184259,1.536063,0.001388,-0.118507,1.533584
18.497000,-0.306195,-0.182482,1.530422,0.001388,-0.123712,1.533584
18.508000,-0.290392,-0.181395,1.526970,0.001388,-0.108997,1.533584
18.519000,-0.283739,-0.180964,1.525601,0.001388,-0.102775,1.533584
18.531000,-0.260742,-0.179932,1.522325,0.001388,-0.080810,1.488479
18.547000,-0.264380,-0.178766,1.518624,0.001388,-0.085613,1.488479
18.558000,-0.265872,-0.177961,1.516066,0.001388,-0.087912,1.533584
18.570000,-0.265408,-0.177047,1.513165,0.001388,-0.088361,1.533584
18.580000,-0.262357,-0.176293,1.510771,0.001388,-0.086064,1.533584
18.591000,-0.257330,-0.175479,1.508187,0.001388,-0.081851,1.533584
18.601000,-0.266836,-0.174264,1.504330,0.001388,-0.092572,1.488479
18.611000,-0.286143,-0.173494,1.501884,0.001388,-0.112650,1.488479
18.622000,-0.293763,-0.171990,1.497110,0.001388,-0.121773,1.488479
18.634000,-0.300090,-0.170358,1.491929,0.001389,-0.129732,1.488479
18.646000,-0.298398,-0.169667,1.489735,0.001388,-0.128731,1.488479
18.657000,-0.294539,-0.169058,1.487803,0.001388,-0.125481,1.488479
18.669000,-0.288257,-0.168367,1.485608,0.001389,-0.119890,1.488479
18.680000,-0.279383,-0.167802,1.483815,0.001388,-0.111581,1.488479
18.692000,-0.284928,-0.166687,1.480275,0.001389,-0.118241,1.443374
18.704000,-0.288783,-0.165521,1.476572,0.001388,-0.123262,1.488479
18.717000,-0.280701,-0.163753,1.470959,0.001388,-0.116948,1.443374
18.730000,-0.280999,-0.162559,1.467168,0.001388,-0.118440,1.488479
18.742000,-0.279416,-0.161454,1.463659,0.001389,-0.117962,1.488479
18.754000,-0.276035,-0.160372,1.460226,0.001388,-0.115662,1.443374
18.774000,-0.283675,-0.159131,1.456285,0.001388,-0.124544,1.488479
18.787000,-0.301955,-0.157797,1.452048,0.001388,-0.144158,1.443374
18.800000,-0.317522,-0.156336,1.447409,0.001388,-0.161186,1.443374
18.812000,-0.318915,-0.155407,1.444459,0.001388,-0.163508,1.443374
18.826000,-0.304344,-0.153800,1.439360,0.001388,-0.150543,1.443374
18.837000,-0.287941,-0.152643,1.435686,0.001388,-0.135298,1.443374
18.850000,-0.269814,-0.151440,1.431868,0.001388,-0.118374,1.443374
18.861000,-0.276088,-0.150486,1.428838,0.001388,-0.125602,1.398268
18.873000,-0.280618,-0.149388,1.425350,0.001388,-0.131231,1.443374
18.884000,-0.283521,-0.148344,1.422037,0.001388,-0.135177,1.443374
18.896000,-0.284576,-0.147198,1.418399,0.001388,-0.137378,1.398268
18.908000,-0.283985,-0.146059,1.414783,0.001388,-0.137926,1.398268
18.919000,-0.295756,-0.145415,1.412739,0.001388,-0.150340,1.398268
18.931000,-0.291080,-0.144223,1.408953,0.001388,-0.146857,1.398268
18.942000,-0.298681,-0.143571,1.406885,0.001389,-0.155110,1.398268
18.954000,-0.316496,-0.142181,1.402470,0.001388,-0.174315,1.398268
18.965000,-0.319960,-0.141378,1.399922,0.001388,-0.178581,1.443374
18.980000,-0.334324,-0.139522,1.394029,0.001388,-0.194802,1.398268
18.992000,-0.318974,-0.138153,1.389681,0.001389,-0.180821,1.398268
19.003000,-0.317034,-0.137452,1.387457,0.001389,-0.179582,1.398268
19.014000,-0.309498,-0.135690,1.381863,0.001388,-0.173807,1.353163
19.029000,-0.287473,-0.134350,1.377608,0.001388,-0.153123,1.353163
19.041000,-0.274438,-0.132828,1.372776,0.001388,-0.141610,1.353163
19.052000,-0.277372,-0.131905,1.369846,0.001388,-0.145467,1.353163
19.064000,-0.278042,-0.130903,1.366666,0.001389,-0.147138,1.398268
19.075000,-0.276467,-0.130019,1.363858,0.001388,-0.146448,1.398268
19.089000,-0.291766,-0.129356,1.361753,0.001388,-0.162410,1.398268
19.100000,-0.284437,-0.128419,1.358778,0.001388,-0.156018,1.353163
19.111000,-0.284881,-0.126942,1.354088,0.001388,-0.157939,1.353163
19.121000,-0.273437,-0.126116,1.351466,0.001388,-0.147321,1.353163
19.132000,-0.259978,-0.125315,1.348924,0.001388,-0.134662,1.353163
19.141000,-0.257137,-0.124249,1.345538,0.001388,-0.132888,1.353163
19.151000,-0.270573,-0.123541,1.343292,0.001388,-0.147032,1.308057
19.162000,-0.281030,-0.122649,1.340459,0.001388,-0.158381,1.353163
19.171000,-0.273789,-0.121471,1.336717,0.001388,-0.152318,1.308057
19.180000,-0.281376,-0.120740,1.334396,0.001388,-0.160637,1.308057
19.189000,-0.286405,-0.119974,1.331966,0.001388,-0.166431,1.308057
19.198000,-0.258210,-0.119334,1.329933,0.001388,-0.138876,1.308057
19.209000,-0.256592,-0.118635,1.327715,0.001388,-0.137957,1.353163
19.218000,-0.252428,-0.118123,1.326089,0.001388,-0.134305,1.308057
19.227000,-0.245044,-0.117655,1.324604,0.001388,-0.127389,1.353163
19.237000,-0.265429,-0.117072,1.322753,0.001389,-0.148357,1.353163
19.247000,-0.274104,-0.115840,1.318841,0.001388,-0.158264,1.353163
19.256000,-0.282404,-0.114653,1.315073,0.001388,-0.167750,1.308057
19.266000,-0.290148,-0.113334,1.310885,0.001388,-0.176814,1.308057
19.284000,-0.270887,-0.111859,1.306201,0.001388,-0.159028,1.308057
19.295000,-0.252689,-0.111161,1.303986,0.001388,-0.141527,1.262952
19.308000,-0.242273,-0.110980,1.303412,0.001389,-0.131292,1.308057
19.320000,-0.248175,-0.110344,1.301391,0.001388,-0.137831,1.308057
19.337000,-0.255236,-0.109236,1.297873,0.001388,-0.146000,1.308057
19.349000,-0.245125,-0.107925,1.293711,0.001388,-0.137200,1.308057
19.359000,-0.246039,-0.107397,1.292036,0.001388,-0.138641,1.308057
19.370000,-0.232502,-0.106258,1.288419,0.001388,-0.126244,1.262952
19.382000,-0.245286,-0.105148,1.284894,0.001388,-0.140138,1.262952
19.392000,-0.242220,-0.104609,1.283183,0.001389,-0.137611,1.308057
19.404000,-0.251601,-0.103424,1.279420,0.001388,-0.148177,1.262952
19.416000,-0.259380,-0.102161,1.275410,0.001388,-0.157219,1.262952
19.427000,-0.279517,-0.101371,1.272905,0.001389,-0.178145,1.308057
19.438000,-0.284058,-0.099943,1.268368,0.001388,-0.184115,1.262952
19.449000,-0.273782,-0.098994,1.265358,0.001388,-0.174788,1.262952
19.460000,-0.275305,-0.097613,1.260973,0.001388,-0.177692,1.262952
19.474000,-0.260950,-0.096497,1.257428,0.001388,-0.164453,1.217846
19.485000,-0.260142,-0.096203,1.256496,0.001389,-0.163939,1.262952
19.496000,-0.242278,-0.095493,1.254242,0.001388,-0.146785,1.262952
19.508000,-0.250195,-0.094736,1.251838,0.001388,-0.155459,1.262952
19.519000,-0.255994,-0.093994,1.249482,0.001389,-0.162000,1.262952
19.530000,-0.246165,-0.092779,1.245625,0.001388,-0.153386,1.262952
19.542000,-0.263243,-0.091412,1.241285,0.001388,-0.171831,1.217846
19.554000,-0.263179,-0.090506,1.238407,0.001388,-0.172673,1.217846
19.564000,-0.261206,-0.089761,1.236042,0.001388,-0.171445,1.217846
19.579000,-0.256081,-0.088638,1.232479,0.001388,-0.167442,1.262952
19.592000,-0.249408,-0.087726,1.229584,0.001388,-0.161682,1.217846
19.602000,-0.240871,-0.087113,1.227636,0.001388,-0.153758,1.262952
19.612000,-0.257282,-0.086498,1.225682,0.001388,-0.170784,1.217846
19.624000,-0.260260,-0.085118,1.221301,0.001388,-0.175143,1.217846
19.635000,-0.246666,-0.084344,1.218844,0.001389,-0.162322,1.217846
19.646000,-0.246787,-0.083151,1.215059,0.001389,-0.163635,1.217846
19.658000,-0.245491,-0.081897,1.211077,0.001388,-0.163594,1.172741
19.669000,-0.227345,-0.081284,1.209130,0.001388,-0.146060,1.217846
19.682000,-0.233387,-0.080605,1.206973,0.001388,-0.152783,1.217846
19.695000,-0.238008,-0.079865,1.204626,0.001388,-0.158142,1.217846
19.706000,-0.240867,-0.079236,1.202628,0.001388,-0.161630,1.217846
19.719000,-0.257005,-0.077865,1.198274,0.001388,-0.179140,1.172741
19.730000,-0.256888,-0.077077,1.195774,0.001388,-0.179811,1.217846
19.743000,-0.254986,-0.076132,1.192772,0.001388,-0.178854,1.172741
19.754000,-0.251191,-0.075370,1.190354,0.001388,-0.175821,1.172741
19.765000,-0.245335,-0.074639,1.188031,0.001388,-0.170696,1.217846
19.777000,-0.237732,-0.073889,1.185653,0.001388,-0.163843,1.172741
19.802000,-0.244430,-0.071641,1.178513,0.001388,-0.172790,1.172741
19.814000,-0.246307,-0.070338,1.174378,0.001388,-0.175969,1.172741
19.825000,-0.247278,-0.069077,1.170374,0.001388,-0.178201,1.172741
19.836000,-0.249578,-0.068886,1.169766,0.001388,-0.180692,1.172741
19.847000,-0.260774,-0.068118,1.167329,0.001388,-0.192656,1.172741
19.859000,-0.258736,-0.067749,1.166157,0.001388,-0.190987,1.127636
19.872000,-0.266649,-0.066762,1.163022,0.001388,-0.199887,1.172741
19.883000,-0.257238,-0.065463,1.158901,0.001389,-0.191774,1.172741
19.895000,-0.247051,-0.064165,1.154777,0.001388,-0.182886,1.172741
19.907000,-0.250500,-0.063377,1.152277,0.001388,-0.187123,1.172741
19.918000,-0.263478,-0.062060,1.148096,0.001388,-0.201418,1.172741
19.929000,-0.263665,-0.061218,1.145422,0.001388,-0.202447,1.127636
19.941000,-0.261698,-0.060309,1.142538,0.001388,-0.201388,1.127636
19.953000,-0.257721,-0.059436,1.139764,0.001388,-0.198285,1.127636
19.966000,-0.251975,-0.058538,1.136912,0.001388,-0.193438,1.127636
19.979000,-0.255846,-0.057106,1.132367,0.001388,-0.198741,1.127636
19.990000,-0.261950,-0.056832,1.131498,0.001388,-0.205118,1.127636
20.001000,-0.261640,-0.055493,1.127246,0.001388,-0.206147,1.127636
20.014000,-0.275698,-0.054405,1.123793,0.001388,-0.221292,1.127636
20.025000,-0.274284,-0.054041,1.122636,0.001388,-0.220243,1.127636
20.036000,-0.268558,-0.052604,1.118075,0.001389,-0.215954,1.127636
20.048000,-0.260957,-0.051192,1.113591,0.001389,-0.209765,1.127636
20.059000,-0.252358,-0.049945,1.109632,0.001388,-0.202413,1.127636
20.070000,-0.256467,-0.049231,1.107365,0.001388,-0.207236,1.082530
20.081000,-0.258216,-0.048472,1.104955,0.001388,-0.209744,1.082530
20.092000,-0.257611,-0.047691,1.102475,0.001388,-0.209921,1.082530
20.103000,-0.270182,-0.046371,1.098286,0.001388,-0.223811,1.082530
20.114000,-0.266113,-0.045500,1.095519,0.001388,-0.220614,1.127636
20.125000,-0.271576,-0.045139,1.094373,0.001388,-0.226437,1.127636
20.136000,-0.262281,-0.044232,1.091492,0.001388,-0.218049,1.082530
20.147000,-0.250808,-0.043414,1.088896,0.001388,-0.207394,1.082530
20.157000,-0.236831,-0.042774,1.086864,0.001388,-0.194058,1.082530
20.170000,-0.238161,-0.041494,1.082801,0.001388,-0.196667,1.082530
20.182000,-0.238136,-0.040296,1.078997,0.001388,-0.197840,1.082530
20.194000,-0.246827,-0.039576,1.076713,0.001388,-0.207251,1.082530
20.207000,-0.243494,-0.038247,1.072493,0.001388,-0.205247,1.082530
20.219000,-0.248890,-0.037507,1.070142,0.001388,-0.211383,1.037425
20.232000,-0.242000,-0.036181,1.065933,0.001388,-0.205819,1.082530
20.244000,-0.244517,-0.035468,1.063668,0.001388,-0.209049,1.037425
20.255000,-0.245436,-0.034822,1.061618,0.001389,-0.210614,1.037425
20.267000,-0.244573,-0.034099,1.059324,0.001388,-0.210474,1.082530
20.279000,-0.242140,-0.033391,1.057076,0.001388,-0.208749,1.082530
20.290000,-0.237892,-0.032786,1.055153,0.001388,-0.205107,1.082530
20.310000,-0.234746,-0.031552,1.051235,0.001388,-0.203194,1.037425
20.323000,-0.240208,-0.030273,1.047175,0.001388,-0.209935,1.037425
20.337000,-0.243691,-0.028866,1.042707,0.001388,-0.214826,1.037425
20.350000,-0.244803,-0.027491,1.038343,0.001388,-0.217312,1.037425
20.363000,-0.244332,-0.026117,1.033980,0.001388,-0.218216,1.037425
20.376000,-0.248322,-0.025787,1.032934,0.001388,-0.222535,0.992319
20.388000,-0.233843,-0.025058,1.030619,0.001389,-0.208785,1.037425
20.399000,-0.244222,-0.024419,1.028589,0.001388,-0.219803,1.037425
20.411000,-0.236755,-0.023197,1.024709,0.001388,-0.213558,1.037425
20.423000,-0.228404,-0.022037,1.021027,0.001388,-0.206367,1.037425
20.434000,-0.234659,-0.021437,1.019122,0.001388,-0.213222,1.037425
20.445000,-0.238591,-0.020804,1.017112,0.001389,-0.217788,0.992319
20.455000,-0.240081,-0.020232,1.015296,0.001388,-0.219849,1.037425
20.466000,-0.239428,-0.019590,1.013258,0.001388,-0.219838,0.992319
20.476000,-0.249719,-0.018482,1.009742,0.001388,-0.231237,1.037425
20.487000,-0.245517,-0.017773,1.007489,0.001388,-0.227745,0.992319
20.497000,-0.240773,-0.016205,1.002511,0.001388,-0.224568,0.992319
20.508000,-0.249366,-0.015000,0.998685,0.001388,-0.234366,0.992319
20.519000,-0.241470,-0.014313,0.996506,0.001389,-0.227156,0.992319
20.530000,-0.230920,-0.013724,0.994636,0.001388,-0.217196,0.992319
20.542000,-0.228630,-0.013686,0.994515,0.001388,-0.214943,0.992319
20.556000,-0.240356,-0.012898,0.992012,0.001388,-0.227458,0.992319
20.569000,-0.236942,-0.011474,0.987492,0.001388,-0.225468,0.992319
20.585000,-0.231813,-0.009927,0.982579,0.001388,-0.221886,0.992319
20.596000,-0.225548,-0.008844,0.979141,0.001388,-0.216704,0.992319
20.608000,-0.217931,-0.007781,0.975765,0.001388,-0.210151,0.947214
20.621000,-0.235359,-0.006666,0.972225,0.001388,-0.228693,0.992319
20.632000,-0.237398,-0.006088,0.970392,0.001389,-0.231310,0.947214
20.644000,-0.237210,-0.005411,0.968241,0.001388,-0.231800,0.992319
20.656000,-0.235263,-0.004735,0.966096,0.001388,-0.230528,0.992319
20.667000,-0.231768,-0.004155,0.964254,0.001389,-0.227613,0.947214
20.679000,-0.227134,-0.003553,0.962344,0.001388,-0.223581,0.947214
20.691000,-0.234847,-0.002462,0.958880,0.001388,-0.232385,0.947214
20.702000,-0.227679,-0.001944,0.957235,0.001388,-0.225735,0.947214
20.714000,-0.232305,-0.000854,0.953773,0.001389,-0.231451,0.947214
20.725000,-0.222375,-0.000389,0.952297,0.001388,-0.221987,0.947214
20.737000,-0.224073,0.000641,0.949029,0.001388,-0.224713,0.992319
20.749000,-0.237736,0.001244,0.947113,0.001389,-0.238980,0.947214
20.762000,-0.250119,0.002023,0.944641,0.001389,-0.252142,0.947214
20.774000,-0.260576,0.002822,0.942104,0.001388,-0.263397,0.947214
20.786000,-0.269218,0.003699,0.939320,0.001388,-0.272917,0.902108
20.798000,-0.261380,0.005104,0.934859,0.001388,-0.266484,0.902108
20.824000,-0.253890,0.007542,0.927119,0.001388,-0.261432,0.947214
20.836000,-0.240654,0.008714,0.923398,0.001388,-0.249368,0.947214
20.847000,-0.226277,0.009696,0.920277,0.001388,-0.235973,0.947214
20.858000,-0.230543,0.010168,0.918782,0.001388,-0.240711,0.947214
20.869000,-0.240342,0.011278,0.915258,0.001388,-0.251619,0.902108
20.881000,-0.239948,0.011923,0.913209,0.001388,-0.251871,0.902108
20.891000,-0.245856,0.012993,0.909811,0.001389,-0.258850,0.902108
20.901000,-0.241342,0.013523,0.908129,0.001388,-0.254865,0.902108
20.909000,-0.234314,0.013840,0.907123,0.001388,-0.248154,0.902108
20.912000,-0.236012,0.014268,0.905763,0.001389,-0.250281,0.902108
20.922000,-0.237895,0.015228,0.902715,0.001388,-0.253123,0.902108
20.933000,-0.238622,0.016271,0.899404,0.001388,-0.254893,0.902108
20.945000,-0.237967,0.017393,0.895841,0.001388,-0.255361,0.902108
20.955000,-0.236877,0.018360,0.892771,0.001388,-0.255237,0.902108
20.966000,-0.234360,0.019396,0.889482,0.001389,-0.253756,0.902108
20.976000,-0.228025,0.019335,0.889678,0.001388,-0.247359,0.857003
20.990000,-0.220067,0.020457,0.886115,0.001388,-0.240524,0.857003
21.000000,-0.224786,0.020794,0.885043,0.001388,-0.245581,0.857003
21.011000,-0.226452,0.021191,0.883782,0.001388,-0.247643,0.857003
21.021000,-0.230741,0.022712,0.878955,0.001388,-0.253453,0.902108
21.031000,-0.248783,0.023805,0.875485,0.001388,-0.272588,0.902108
21.041000,-0.232760,0.024789,0.872360,0.001388,-0.257549,0.902108
21.052000,-0.225512,0.025145,0.871229,0.001388,-0.250658,0.902108
21.065000,-0.216069,0.025615,0.869739,0.001389,-0.241684,0.857003
21.078000,-0.193131,0.026554,0.866757,0.001388,-0.219685,0.857003
21.091000,-0.196822,0.027310,0.864355,0.001388,-0.224133,0.857003
21.104000,-0.199008,0.028112,0.861810,0.001388,-0.227120,0.857003
21.114000,-0.212950,0.028240,0.861403,0.001388,-0.241190,0.857003
21.124000,-0.211896,0.029029,0.858898,0.001388,-0.240926,0.857003
21.135000,-0.222223,0.029417,0.857667,0.001389,-0.251640,0.857003
21.146000,-0.218748,0.030379,0.854612,0.001388,-0.249128,0.857003
21.157000,-0.214209,0.031297,0.851697,0.001388,-0.245506,0.857003
21.167000,-0.208367,0.032099,0.849152,0.001388,-0.240466,0.857003
21.178000,-0.201250,0.032922,0.846539,0.001388,-0.234172,0.857003
21.189000,-0.203475,0.033211,0.845622,0.001388,-0.236686,0.857003
21.199000,-0.192986,0.033934,0.843328,0.001388,-0.226919,0.811898
21.210000,-0.208869,0.034695,0.840911,0.001388,-0.243564,0.857003
21.222000,-0.223708,0.035635,0.837927,0.001388,-0.259343,0.811898
21.233000,-0.227702,0.037118,0.833218,0.001389,-0.264820,0.811898
21.247000,-0.239915,0.038343,0.829328,0.001388,-0.278258,0.857003
21.260000,-0.235280,0.039058,0.827060,0.001388,-0.274337,0.811898
21.272000,-0.229347,0.039655,0.825162,0.001388,-0.269002,0.857003
21.284000,-0.221669,0.040186,0.823476,0.001388,-0.261855,0.811898
21.295000,-0.211888,0.040560,0.822290,0.001388,-0.252448,0.811898
21.307000,-0.215881,0.041539,0.819180,0.001389,-0.257420,0.857003
21.333000,-0.219519,0.043506,0.812936,0.001388,-0.263025,0.811898
21.344000,-0.219292,0.044445,0.809954,0.001388,-0.263737,0.811898
21.355000,-0.232896,0.044905,0.808494,0.001388,-0.277801,0.766792
21.365000,-0.244108,0.045407,0.806902,0.001388,-0.289514,0.811898
21.376000,-0.238434,0.046537,0.803315,0.001389,-0.284970,0.766792
21.389000,-0.247207,0.047312,0.800852,0.001388,-0.294519,0.811898
21.400000,-0.253755,0.047998,0.798675,0.001388,-0.301753,0.811898
21.411000,-0.243043,0.049149,0.795020,0.001389,-0.292192,0.811898
21.424000,-0.231356,0.050364,0.791161,0.001388,-0.281721,0.811898
21.435000,-0.234258,0.050909,0.789431,0.001388,-0.285168,0.766792
21.446000,-0.219190,0.051878,0.786357,0.001388,-0.271068,0.811898
21.457000,-0.230481,0.052880,0.783175,0.001388,-0.283361,0.766792
21.469000,-0.228874,0.053465,0.781319,0.001389,-0.282338,0.766792
21.480000,-0.237089,0.054534,0.777925,0.001389,-0.291623,0.811898
21.491000,-0.244318,0.055694,0.774241,0.001388,-0.300012,0.766792
21.502000,-0.237571,0.056287,0.772359,0.001388,-0.293858,0.766792
21.514000,-0.241337,0.057486,0.768552,0.001388,-0.298823,0.766792
21.525000,-0.230960,0.058009,0.766892,0.001388,-0.288968,0.766792
21.536000,-0.231705,0.059058,0.763561,0.001388,-0.290762,0.766792
21.548000,-0.246264,0.059768,0.761306,0.001388,-0.306032,0.766792
21.559000,-0.229037,0.060208,0.759908,0.001388,-0.289246,0.766792
21.570000,-0.223087,0.061160,0.756888,0.001388,-0.284247,0.766792
21.583000,-0.215691,0.062192,0.753611,0.001388,-0.277883,0.721687
21.593000,-0.221187,0.063520,0.749393,0.001388,-0.284707,0.721687
21.605000,-0.210956,0.064514,0.746239,0.001388,-0.275470,0.766792
21.615000,-0.230345,0.065299,0.743745,0.001388,-0.295644,0.721687
21.625000,-0.232444,0.065694,0.742492,0.001388,-0.298138,0.721687
21.636000,-0.231319,0.066199,0.740888,0.001388,-0.297519,0.766792
21.648000,-0.227667,0.066778,0.739051,0.001388,-0.294445,0.766792
21.658000,-0.221701,0.067188,0.737750,0.001388,-0.288889,0.721687
21.671000,-0.217700,0.068719,0.732887,0.001389,-0.286419,0.766792
21.681000,-0.209148,0.069024,0.731921,0.001388,-0.278171,0.721687
21.692000,-0.203134,0.070295,0.727885,0.001388,-0.273429,0.721687
21.702000,-0.208241,0.070996,0.725658,0.001389,-0.279238,0.721687
21.712000,-0.205375,0.070719,0.726538,0.001388,-0.276094,0.721687
21.724000,-0.216476,0.071088,0.725368,0.001389,-0.287563,0.721687
21.735000,-0.225013,0.071522,0.723989,0.001389,-0.296535,0.721687
21.746000,-0.221691,0.072612,0.720530,0.001388,-0.294303,0.721687
21.758000,-0.217353,0.073733,0.716971,0.001388,-0.291086,0.721687
21.769000,-0.211537,0.074709,0.713869,0.001388,-0.286246,0.676581
21.782000,-0.204533,0.075733,0.710620,0.001389,-0.280266,0.721687
21.794000,-0.195931,0.076606,0.707847,0.001389,-0.272538,0.721687
21.806000,-0.195622,0.076899,0.706918,0.001389,-0.272521,0.721687
21.817000,-0.210252,0.077673,0.704461,0.001388,-0.287925,0.721687
21.844000,-0.225573,0.079709,0.697996,0.001388,-0.305282,0.721687
21.854000,-0.224257,0.080111,0.696719,0.001388,-0.304368,0.676581
21.866000,-0.234041,0.081224,0.693188,0.001388,-0.315264,0.676581
21.877000,-0.229232,0.082771,0.688274,0.001388,-0.312003,0.676581
21.887000,-0.211973,0.083615,0.685594,0.001388,-0.295588,0.676581
21.897000,-0.206637,0.083877,0.684763,0.001388,-0.290514,0.676581
21.909000,-0.211779,0.084806,0.681815,0.001388,-0.296584,0.721687
21.919000,-0.203622,0.085044,0.681058,0.001388,-0.288666,0.676581
21.930000,-0.206141,0.085841,0.678528,0.001388,-0.291982,0.721687
21.942000,-0.207388,0.086718,0.675743,0.001389,-0.294106,0.676581
21.954000,-0.207369,0.087608,0.672919,0.001388,-0.294977,0.631476
21.973000,-0.204578,0.088952,0.668649,0.001388,-0.293530,0.631476
21.990000,-0.200212,0.090136,0.664892,0.001388,-0.290348,0.631476
22.001000,-0.196069,0.090905,0.662450,0.001388,-0.286974,0.676581
22.015000,-0.189903,0.091812,0.659570,0.001388,-0.281715,0.676581
22.026000,-0.183697,0.092478,0.657455,0.001388,-0.276175,0.676581
22.036000,-0.185076,0.093706,0.653557,0.001388,-0.278782,0.676581
22.047000,-0.196022,0.093982,0.652681,0.001388,-0.290004,0.676581
22.057000,-0.204628,0.094204,0.651975,0.001388,-0.298832,0.631476
22.068000,-0.191496,0.094901,0.649765,0.001388,-0.286397,0.631476
22.078000,-0.195644,0.094967,0.649552,0.001388,-0.290611,0.631476
22.088000,-0.178136,0.095502,0.647856,0.001387,-0.273638,0.631476
22.098000,-0.188820,0.096014,0.646228,0.001387,-0.284834,0.631476
22.107000,-0.197155,0.096540,0.644560,0.001388,-0.293694,0.676581
22.117000,-0.203133,0.097209,0.642435,0.001388,-0.300342,0.676581
22.127000,-0.207839,0.097934,0.640135,0.001388,-0.305773,0.631476
22.137000,-0.211674,0.098696,0.637716,0.001388,-0.310370,0.631476
22.147000,-0.210506,0.098554,0.638167,0.001389,-0.309060,0.631476
22.157000,-0.209193,0.099337,0.635680,0.001389,-0.308529,0.631476
22.167000,-0.187425,0.099525,0.635082,0.001388,-0.286950,0.631476
22.178000,-0.182050,0.100147,0.633108,0.001388,-0.282197,0.631476
22.189000,-0.195714,0.101412,0.629093,0.001388,-0.297126,0.631476
22.200000,-0.209779,0.102739,0.624879,0.001389,-0.312518,0.631476
22.211000,-0.232296,0.103590,0.622177,0.001388,-0.335886,0.631476
22.221000,-0.233884,0.104017,0.620821,0.001388,-0.337901,0.631476
22.232000,-0.224993,0.105069,0.617481,0.001388,-0.330062,0.631476
22.243000,-0.222492,0.105510,0.616082,0.001389,-0.328002,0.631476
22.255000,-0.210202,0.106572,0.612708,0.001389,-0.316774,0.586370
22.268000,-0.204677,0.107034,0.611241,0.001388,-0.311711,0.586370
22.279000,-0.215641,0.107871,0.608586,0.001388,-0.323512,0.631476
22.291000,-0.225770,0.108860,0.605445,0.001388,-0.334630,0.586370
22.303000,-0.234659,0.109932,0.602043,0.001389,-0.344591,0.631476
22.314000,-0.242361,0.110993,0.598675,0.001388,-0.353354,0.586370
22.330000,-0.247548,0.112500,0.593890,0.001388,-0.360048,0.586370
22.353000,-0.234891,0.114036,0.589012,0.001389,-0.348927,0.586370
22.365000,-0.223605,0.114642,0.587090,0.001388,-0.338246,0.586370
22.375000,-0.223079,0.115571,0.584140,0.001388,-0.338650,0.586370
22.386000,-0.221552,0.116557,0.581008,0.001388,-0.338109,0.541265
22.397000,-0.219105,0.117521,0.577947,0.001388,-0.336626,0.586370
22.407000,-0.216124,0.118393,0.575181,0.001389,-0.334517,0.586370
22.418000,-0.211859,0.119299,0.572301,0.001388,-0.331159,0.586370
22.436000,-0.202366,0.120612,0.568136,0.001388,-0.322978,0.586370
22.448000,-0.209127,0.121052,0.566736,0.001388,-0.330180,0.586370
22.460000,-0.199964,0.121948,0.563892,0.001388,-0.321913,0.541265
22.471000,-0.204631,0.122297,0.562784,0.001388,-0.326928,0.541265
22.483000,-0.207442,0.122725,0.561424,0.001389,-0.330167,0.586370
22.494000,-0.193940,0.123492,0.558990,0.001389,-0.317432,0.541265
22.508000,-0.194297,0.123894,0.557714,0.001388,-0.318191,0.586370
22.520000,-0.204089,0.124760,0.554963,0.001388,-0.328850,0.541265
22.531000,-0.212479,0.125641,0.552168,0.001388,-0.338120,0.541265
22.542000,-0.192893,0.126371,0.549849,0.001388,-0.319264,0.541265
22.554000,-0.199186,0.127212,0.547179,0.001389,-0.326399,0.541265
22.565000,-0.192211,0.127358,0.546716,0.001389,-0.319570,0.541265
22.579000,-0.195698,0.128260,0.543853,0.001389,-0.323958,0.541265
22.591000,-0.197339,0.129047,0.541352,0.001388,-0.326387,0.541265
22.605000,-0.196989,0.129947,0.538495,0.001388,-0.326936,0.541265
22.617000,-0.195080,0.130707,0.536082,0.001388,-0.325788,0.541265
22.628000,-0.190761,0.131426,0.533799,0.001388,-0.322188,0.541265
22.638000,-0.197732,0.132600,0.530074,0.001388,-0.330332,0.541265
22.649000,-0.192341,0.133329,0.527758,0.001388,-0.325671,0.541265
22.659000,-0.186273,0.133945,0.525803,0.001388,-0.320218,0.541265
22.669000,-0.179001,0.134494,0.524059,0.001388,-0.313495,0.541265
22.680000,-0.183255,0.134606,0.523706,0.001388,-0.317861,0.496160
22.690000,-0.184500,0.134676,0.523482,0.001388,-0.319176,0.541265
22.700000,-0.198270,0.135290,0.521532,0.001388,-0.333561,0.496160
22.710000,-0.210982,0.136019,0.519218,0.001388,-0.347001,0.496160
22.723000,-0.207058,0.136494,0.517712,0.001388,-0.343552,0.541265
22.733000,-0.215748,0.137315,0.515104,0.001388,-0.353063,0.496160
22.744000,-0.195300,0.138203,0.512284,0.001389,-0.333504,0.496160
22.754000,-0.190627,0.139387,0.508527,0.001388,-0.330013,0.496160
22.766000,-0.185794,0.140627,0.504589,0.001388,-0.326421,0.541265
22.777000,-0.180767,0.141741,0.501052,0.001388,-0.322508,0.496160
22.789000,-0.184660,0.142356,0.499101,0.001389,-0.327015,0.496160
22.800000,-0.187914,0.142955,0.497199,0.001388,-0.330869,0.496160
22.811000,-0.189503,0.143561,0.495274,0.001389,-0.333064,0.496160
22.826000,-0.187763,0.144411,0.492574,0.001388,-0.332174,0.496160
22.837000,-0.186328,0.145005,0.490689,0.001388,-0.331333,0.496160
22.860000,-0.178390,0.146265,0.486690,0.001388,-0.324654,0.496160
22.871000,-0.188403,0.146324,0.486500,0.001388,-0.334728,0.496160
22.881000,-0.196289,0.146414,0.486216,0.001388,-0.342703,0.496160
22.891000,-0.201570,0.146568,0.485728,0.001388,-0.348137,0.496160
22.901000,-0.204092,0.146787,0.485031,0.001388,-0.350879,0.496160
22.912000,-0.192010,0.147663,0.482252,0.001388,-0.339673,0.451054
22.924000,-0.193251,0.148990,0.478038,0.001388,-0.342240,0.451054
22.937000,-0.180126,0.149840,0.475340,0.001388,-0.329966,0.451054
22.949000,-0.179042,0.151028,0.471565,0.001388,-0.330071,0.451054
22.960000,-0.177866,0.152130,0.468067,0.001388,-0.329996,0.451054
22.978000,-0.174544,0.152601,0.466572,0.001389,-0.327145,0.451054
22.989000,-0.183489,0.153207,0.464649,0.001388,-0.336695,0.496160
23.001000,-0.191100,0.153948,0.462297,0.001388,-0.345048,0.496160
23.013000,-0.197555,0.154764,0.459705,0.001389,-0.352320,0.496160
23.024000,-0.189883,0.154998,0.458963,0.001388,-0.344881,0.496160
23.035000,-0.193179,0.155719,0.456674,0.001388,-0.348898,0.451054
23.046000,-0.195339,0.156463,0.454313,0.001388,-0.351802,0.451054
23.057000,-0.196437,0.157222,0.451900,0.001388,-0.353659,0.451054
23.068000,-0.196426,0.157993,0.449455,0.001388,-0.354418,0.451054
23.080000,-0.195043,0.158807,0.446869,0.001388,-0.353850,0.451054
23.091000,-0.192469,0.159545,0.444528,0.001388,-0.352014,0.451054
23.104000,-0.187674,0.160353,0.441961,0.001388,-0.348027,0.405949
23.115000,-0.193628,0.160478,0.441564,0.001388,-0.354106,0.405949
23.129000,-0.185613,0.161416,0.438586,0.001388,-0.347029,0.405949
23.144000,-0.176523,0.162300,0.435780,0.001389,-0.338823,0.405949
23.158000,-0.166308,0.162996,0.433569,0.001388,-0.329304,0.451054
23.169000,-0.181146,0.163571,0.431744,0.001388,-0.344717,0.451054
23.182000,-0.195083,0.164399,0.429114,0.001388,-0.359483,0.451054
23.195000,-0.207652,0.165355,0.426081,0.001388,-0.373006,0.451054
23.206000,-0.205440,0.166706,0.421790,0.001388,-0.372147,0.451054
23.218000,-0.216078,0.167725,0.418557,0.001388,-0.383803,0.405949
23.229000,-0.211686,0.169138,0.414070,0.001388,-0.380824,0.405949
23.241000,-0.206732,0.169562,0.412723,0.001389,-0.376294,0.405949
23.252000,-0.200495,0.169862,0.411771,0.001389,-0.370357,0.405949
23.263000,-0.192320,0.170089,0.411049,0.001388,-0.362410,0.405949
23.275000,-0.182510,0.170281,0.410440,0.001389,-0.352792,0.405949
23.286000,-0.183755,0.170880,0.408538,0.001389,-0.354636,0.405949
23.297000,-0.183828,0.171479,0.406639,0.001388,-0.355307,0.405949
23.309000,-0.183010,0.172122,0.404596,0.001389,-0.355132,0.405949
23.320000,-0.180694,0.172681,0.402821,0.001389,-0.353375,0.405949
23.332000,-0.177487,0.173258,0.400991,0.001388,-0.350745,0.405949
23.345000,-0.173450,0.173834,0.399162,0.001388,-0.347284,0.405949
23.367000,-0.182444,0.175530,0.393777,0.001388,-0.357974,0.360843
23.378000,-0.185472,0.176719,0.390000,0.001388,-0.362191,0.405949
23.389000,-0.205331,0.177572,0.387293,0.001388,-0.382903,0.405949
23.399000,-0.205701,0.178906,0.383058,0.001389,-0.384607,0.405949
23.410000,-0.194969,0.179661,0.380662,0.001388,-0.374629,0.360843
23.420000,-0.201357,0.179815,0.380172,0.001388,-0.381172,0.360843
23.430000,-0.187531,0.180420,0.378250,0.001388,-0.367951,0.360843
23.440000,-0.189492,0.180460,0.378125,0.001389,-0.369952,0.405949
23.452000,-0.172008,0.181044,0.376270,0.001389,-0.353052,0.360843
23.464000,-0.182445,0.181617,0.374452,0.001389,-0.364061,0.405949
23.474000,-0.190807,0.182155,0.372741,0.001388,-0.372962,0.360843
23.484000,-0.180606,0.183192,0.369449,0.001388,-0.363798,0.360843
23.495000,-0.186943,0.183776,0.367595,0.001388,-0.370719,0.360843
23.505000,-0.191673,0.184350,0.365772,0.001388,-0.376023,0.360843
23.515000,-0.194833,0.184955,0.363854,0.001388,-0.379788,0.360843
23.525000,-0.196511,0.185580,0.361868,0.001388,-0.382091,0.360843
23.535000,-0.196748,0.186216,0.359850,0.001388,-0.382963,0.360843
23.545000,-0.182332,0.187281,0.356469,0.001388,-0.369613,0.360843
23.555000,-0.180716,0.187784,0.354871,0.001389,-0.368500,0.360843
23.566000,-0.177013,0.188313,0.353192,0.001388,-0.365326,0.360843
23.576000,-0.171469,0.188735,0.351850,0.001388,-0.360204,0.360843
23.587000,-0.192979,0.189201,0.350373,0.001388,-0.382180,0.360843
23.597000,-0.184046,0.189769,0.348569,0.001388,-0.373815,0.315738
23.609000,-0.173275,0.190391,0.346596,0.001389,-0.363666,0.360843
23.621000,-0.160938,0.190923,0.344905,0.001388,-0.351861,0.360843
23.632000,-0.164684,0.191864,0.341919,0.001388,-0.356548,0.315738
23.644000,-0.167812,0.192844,0.338807,0.001388,-0.360656,0.360843
23.655000,-0.170771,0.193771,0.335864,0.001388,-0.364542,0.315738
23.667000,-0.165026,0.193713,0.336046,0.001389,-0.358739,0.360843
23.679000,-0.175150,0.194185,0.334550,0.001388,-0.369334,0.315738
23.690000,-0.166944,0.194205,0.334485,0.001388,-0.361149,0.315738
23.704000,-0.174754,0.194863,0.332397,0.001388,-0.369617,0.360843
23.716000,-0.180954,0.195490,0.330406,0.001388,-0.376443,0.315738
23.728000,-0.185731,0.196186,0.328196,0.001388,-0.381917,0.315738
23.739000,-0.189125,0.196866,0.326037,0.001388,-0.385991,0.315738
23.751000,-0.191721,0.197635,0.323596,0.001388,-0.389355,0.315738
23.763000,-0.193194,0.198422,0.321097,0.001388,-0.391616,0.315738
23.774000,-0.193263,0.199160,0.318755,0.001388,-0.392423,0.360843
23.786000,-0.192297,0.199963,0.316203,0.001388,-0.392260,0.315738
23.797000,-0.190041,0.200691,0.313894,0.001388,-0.390732,0.315738
23.809000,-0.186736,0.201452,0.311477,0.001388,-0.388188,0.315738
23.822000,-0.182292,0.202238,0.308982,0.001389,-0.384530,0.270633
23.834000,-0.176330,0.202929,0.306786,0.001388,-0.379259,0.315738
23.848000,-0.195429,0.203758,0.304156,0.001388,-0.399186,0.315738
23.861000,-0.198955,0.204127,0.302982,0.001388,-0.403082,0.315738
23.881000,-0.190682,0.205468,0.298727,0.001388,-0.396150,0.315738
23.892000,-0.191122,0.206718,0.294758,0.001388,-0.397840,0.315738
23.904000,-0.179169,0.207430,0.292498,0.001389,-0.386599,0.315738
23.915000,-0.178591,0.208566,0.288890,0.001389,-0.387158,0.270633
23.927000,-0.178241,0.208714,0.288422,0.001388,-0.386955,0.270633
23.938000,-0.188503,0.209377,0.286317,0.001388,-0.397879,0.270633
23.950000,-0.197489,0.210192,0.283728,0.001388,-0.407681,0.270633
23.963000,-0.192669,0.210554,0.282579,0.001389,-0.403223,0.270633
23.979000,-0.198879,0.211624,0.279183,0.001388,-0.410503,0.270633
23.990000,-0.203264,0.212431,0.276621,0.001388,-0.415695,0.270633
24.001000,-0.206594,0.213274,0.273945,0.001389,-0.419868,0.270633
24.012000,-0.208723,0.214142,0.271189,0.001389,-0.422865,0.270633
24.024000,-0.209502,0.215090,0.268177,0.001389,-0.424592,0.270633
24.037000,-0.197155,0.215515,0.266827,0.001388,-0.412671,0.270633
24.048000,-0.194989,0.216272,0.264426,0.001388,-0.411261,0.270633
24.059000,-0.191757,0.217003,0.262103,0.001388,-0.408761,0.270633
24.071000,-0.187221,0.217759,0.259705,0.001388,-0.404979,0.270633
24.085000,-0.193450,0.219222,0.255060,0.001389,-0.412672,0.270633
24.096000,-0.187411,0.219947,0.252757,0.001388,-0.407358,0.225527
24.113000,-0.177310,0.220936,0.249617,0.001388,-0.398246,0.225527
24.124000,-0.168622,0.221484,0.247876,0.001388,-0.390106,0.270633
24.134000,-0.158538,0.221882,0.246612,0.001388,-0.380421,0.270633
24.144000,-0.146679,0.222209,0.245577,0.001388,-0.368888,0.270633
24.155000,-0.131461,0.222603,0.244324,0.001388,-0.354065,0.270633
24.167000,-0.129739,0.223351,0.241949,0.001389,-0.353090,0.225527
24.179000,-0.129645,0.223968,0.239992,0.001388,-0.353613,0.225527
24.192000,-0.128091,0.224641,0.237854,0.001388,-0.352732,0.225527
24.203000,-0.126303,0.225242,0.235946,0.001388,-0.351545,0.225527
24.213000,-0.123880,0.225802,0.234169,0.001389,-0.349682,0.225527
24.224000,-0.119175,0.226366,0.232378,0.001389,-0.345541,0.225527
24.234000,-0.113945,0.226878,0.230752,0.001388,-0.340823,0.225527
24.246000,-0.105552,0.227437,0.228977,0.001388,-0.332989,0.225527
24.258000,-0.095458,0.227957,0.227326,0.001388,-0.323416,0.225527
24.270000,-0.083672,0.228416,0.225869,0.001388,-0.312088,0.225527
24.282000,-0.070473,0.228788,0.224688,0.001389,-0.299261,0.225527
24.293000,-0.057605,0.229050,0.223856,0.001389,-0.286655,0.225527
24.305000,-0.043585,0.229223,0.223306,0.001388,-0.272808,0.225527
24.317000,-0.031235,0.229258,0.223194,0.001388,-0.260493,0.225527
24.328000,-0.024185,0.229130,0.223604,0.001388,-0.253314,0.225527
24.340000,0.004850,0.229757,0.221612,0.001388,-0.224907,0.225527
24.352000,0.046539,0.230259,0.220017,0.001388,-0.183720,0.225527
24.365000,0.067212,0.229912,0.221120,0.001389,-0.162700,0.225527
24.387000,0.090089,0.229186,0.223424,0.001388,-0.139097,0.225527
24.438000,0.108050,0.227645,0.228317,0.001388,-0.119595,0.225527
24.449000,-0.000000,0.228524,0.225527,0.001389,-0.228524,0.225527
